component_name	component_version	package_or_native_component	upstream_source	license_expression	selected_license_branch	authoritative_private_license_path	public_legal_file_path	legal_file_sha256	notice_path	artifacts	distribution_kind	inclusion_reason	exclusion_reason	verification_status
ab_glyph	0.2.32	rust-package	https://crates.io/crates/ab_glyph/0.2.32	Apache-2.0	Apache-2.0	licenses/ab_glyph-0.2.32-LICENSE-Apache-2_0-ec9246a757-a6cba85bc92e.txt	licenses/ab_glyph-0.2.32-LICENSE-Apache-2_0-ec9246a757-a6cba85bc92e.txt	a6cba85bc92e0cff7a450b1d873c0eaa2e9fc96bf472df0247a26bec77bf3ff9		arch-x86_64,el10-x86_64,fedora44-x86_64,macos-universal,ubuntu-amd64,windows-x64	TARGET_LINKED_RUNTIME	Target compilation-unit owner: mcraw4vulkan-gui -normal:egui-> egui@0.31.1 -normal:epaint-> epaint@0.31.1 -normal:ab_glyph-> ab_glyph@0.2.32. Observed unit contexts: TARGET_LINKED_RUNTIME.		PASS
ab_glyph_rasterizer	0.1.10	rust-package	https://crates.io/crates/ab_glyph_rasterizer/0.1.10	Apache-2.0	Apache-2.0	licenses/ab_glyph_rasterizer-0.1.10-LICENSE-Apache-2_0-7f1a9af045-a6cba85bc92e.txt	licenses/ab_glyph-0.2.32-LICENSE-Apache-2_0-ec9246a757-a6cba85bc92e.txt	a6cba85bc92e0cff7a450b1d873c0eaa2e9fc96bf472df0247a26bec77bf3ff9		arch-x86_64,el10-x86_64,fedora44-x86_64,macos-universal,ubuntu-amd64,windows-x64	TARGET_LINKED_RUNTIME	Target compilation-unit owner: mcraw4vulkan-gui -normal:egui-> egui@0.31.1 -normal:epaint-> epaint@0.31.1 -normal:ab_glyph-> ab_glyph@0.2.32 -normal:ab_glyph_rasterizer-> ab_glyph_rasterizer@0.1.10. Observed unit contexts: TARGET_LINKED_RUNTIME.		PASS
adler2	2.0.1	rust-package	https://crates.io/crates/adler2/2.0.1	0BSD OR MIT OR Apache-2.0	MIT	licenses/adler2-2.0.1-LICENSE-MIT-MIT-ceec63d9fa-23f18e03dc49.txt	licenses/adler2-2.0.1-LICENSE-MIT-MIT-ceec63d9fa-23f18e03dc49.txt	23f18e03dc49df91622fe2a76176497404e46ced8a715d9d2b67a7446571cca3		arch-x86_64,el10-x86_64,fedora44-x86_64,macos-universal,ubuntu-amd64,windows-x64	TARGET_LINKED_RUNTIME	Target compilation-unit owner: mcraw4vulkan-gui -normal:png-> png@0.18.1 -normal:flate2-> flate2@1.1.9 -normal:miniz_oxide-> miniz_oxide@0.8.9 -normal:adler2-> adler2@2.0.1. Observed unit contexts: TARGET_LINKED_RUNTIME.		PASS
ahash	0.8.12	rust-package	https://crates.io/crates/ahash/0.8.12	MIT OR Apache-2.0	MIT	licenses/ahash-0.8.12-LICENSE-MIT-MIT-836ab594f5-0444c6991eea.txt	licenses/ahash-0.8.12-LICENSE-MIT-MIT-836ab594f5-0444c6991eea.txt	0444c6991eead6822f7b9102e654448d51624431119546492e8b231db42c48bb		arch-x86_64,el10-x86_64,fedora44-x86_64,macos-universal,ubuntu-amd64,windows-x64	TARGET_LINKED_RUNTIME	Target compilation-unit owner: mcraw4vulkan-gui -normal:egui-> egui@0.31.1 -normal:ahash-> ahash@0.8.12. Observed unit contexts: HOST_BUILD_SCRIPT,TARGET_LINKED_RUNTIME.		PASS
android_system_properties	0.1.5	rust-package	https://crates.io/crates/android_system_properties/0.1.5	MIT/Apache-2.0	NOT_SELECTED						TARGET_NOT_APPLICABLE		Locked for another target/optional graph but unreachable from production or dev roots on the four audited release targets. License expression verified from locally cached exact crate source android_system_properties-0.1.5.	PASS
anyhow	1.0.104	rust-package	https://crates.io/crates/anyhow/1.0.104	MIT OR Apache-2.0	MIT	licenses/anyhow-1.0.104-LICENSE-MIT-MIT-9b808494a0-23f18e03dc49.txt	licenses/adler2-2.0.1-LICENSE-MIT-MIT-ceec63d9fa-23f18e03dc49.txt	23f18e03dc49df91622fe2a76176497404e46ced8a715d9d2b67a7446571cca3		arch-x86_64,el10-x86_64,fedora44-x86_64,macos-universal,ubuntu-amd64,windows-x64	TARGET_LINKED_RUNTIME	Target compilation-unit owner: mcraw4vulkan -normal:anyhow-> anyhow@1.0.104. Observed unit contexts: HOST_BUILD_SCRIPT,TARGET_LINKED_RUNTIME.		PASS
Apple-system-libraries	OS	native-component	https://www.apple.com/macos/	NOT_DISTRIBUTED	NOT_APPLICABLE					macos-universal	SYSTEM_DEPENDENCY_NOT_DISTRIBUTED	operating-system libraries are referenced but not copied		PASS
arrayvec	0.7.8	rust-package	https://crates.io/crates/arrayvec/0.7.8	MIT OR Apache-2.0	MIT	licenses/arrayvec-0.7.8-LICENSE-MIT-MIT-06989cd89e-4da95ec4ecb6.txt	licenses/arrayvec-0.7.8-LICENSE-MIT-MIT-06989cd89e-4da95ec4ecb6.txt	4da95ec4ecb65b738d470b7d762894ad9c97da93e6cbfb18b570fc2c96f4b871		arch-x86_64,el10-x86_64,fedora44-x86_64,macos-universal,ubuntu-amd64,windows-x64	TARGET_LINKED_RUNTIME	Target compilation-unit owner: mcraw4vulkan -normal:mcraw4vulkan_display-> mcraw4vulkan-display@0.1.0 -normal:wgpu-> wgpu@24.0.5 -normal:arrayvec-> arrayvec@0.7.8. Observed unit contexts: TARGET_LINKED_RUNTIME.		PASS
ash	0.38.0+1.3.281	rust-package	https://crates.io/crates/ash/0.38.0+1.3.281	MIT OR Apache-2.0	MIT	licenses/ash-0.38.0+1.3.281-LICENSE-MIT-MIT-9cd7950f1e-c733ccf8ab25.txt	licenses/ash-0.38.0+1.3.281-LICENSE-MIT-MIT-9cd7950f1e-c733ccf8ab25.txt	c733ccf8ab25df175a63d9d844677b98e3a5ab8f8de1c1616087e6868a7f948e		arch-x86_64,el10-x86_64,fedora44-x86_64,macos-universal,ubuntu-amd64,windows-x64	TARGET_LINKED_RUNTIME	Target compilation-unit owner: mcraw4vulkan -normal:mcraw4vulkan_display-> mcraw4vulkan-display@0.1.0 -normal:wgpu-> wgpu@24.0.5 -normal:hal-> wgpu-hal@24.0.4 -normal:ash-> ash@0.38.0+1.3.281. Observed unit contexts: HOST_BUILD_SCRIPT,TARGET_LINKED_RUNTIME.		PASS
async-broadcast	0.7.2	rust-package	https://crates.io/crates/async-broadcast/0.7.2	MIT OR Apache-2.0	MIT	licenses/async-broadcast-0.7.2-LICENSE-MIT-MIT-186e83f5d6-24e5860bf589.txt	licenses/async-broadcast-0.7.2-LICENSE-MIT-MIT-186e83f5d6-24e5860bf589.txt	24e5860bf589d8501643e6ea51ffb3df66db2867492b09033d486183efbfa970		arch-x86_64,el10-x86_64,fedora44-x86_64,ubuntu-amd64	TARGET_LINKED_RUNTIME	Target compilation-unit owner: mcraw4vulkan -normal:mcraw4vulkan_preflight-> mcraw4vulkan-preflight@0.1.0 -normal:notify_rust-> notify-rust@4.17.0 -normal:zbus-> zbus@5.19.0 -normal:async_broadcast-> async-broadcast@0.7.2. Observed unit contexts: TARGET_LINKED_RUNTIME.		PASS
async-channel	2.5.0	rust-package	https://crates.io/crates/async-channel/2.5.0	Apache-2.0 OR MIT	MIT	licenses/async-channel-2.5.0-LICENSE-MIT-MIT-98bc5aa5d4-23f18e03dc49.txt	licenses/adler2-2.0.1-LICENSE-MIT-MIT-ceec63d9fa-23f18e03dc49.txt	23f18e03dc49df91622fe2a76176497404e46ced8a715d9d2b67a7446571cca3		arch-x86_64,el10-x86_64,fedora44-x86_64,ubuntu-amd64	TARGET_LINKED_RUNTIME	Target compilation-unit owner: mcraw4vulkan -normal:mcraw4vulkan_preflight-> mcraw4vulkan-preflight@0.1.0 -normal:notify_rust-> notify-rust@4.17.0 -normal:zbus-> zbus@5.19.0 -normal:async_process-> async-process@2.5.0 -normal:async_channel-> async-channel@2.5.0. Observed unit contexts: TARGET_LINKED_RUNTIME.		PASS
async-executor	1.14.0	rust-package	https://crates.io/crates/async-executor/1.14.0	Apache-2.0 OR MIT	MIT	licenses/async-executor-1.14.0-LICENSE-MIT-MIT-9063cc00ea-23f18e03dc49.txt	licenses/adler2-2.0.1-LICENSE-MIT-MIT-ceec63d9fa-23f18e03dc49.txt	23f18e03dc49df91622fe2a76176497404e46ced8a715d9d2b67a7446571cca3		arch-x86_64,el10-x86_64,fedora44-x86_64,ubuntu-amd64	TARGET_LINKED_RUNTIME	Target compilation-unit owner: mcraw4vulkan -normal:mcraw4vulkan_preflight-> mcraw4vulkan-preflight@0.1.0 -normal:notify_rust-> notify-rust@4.17.0 -normal:zbus-> zbus@5.19.0 -normal:async_executor-> async-executor@1.14.0. Observed unit contexts: TARGET_LINKED_RUNTIME.		PASS
async-io	2.6.0	rust-package	https://crates.io/crates/async-io/2.6.0	Apache-2.0 OR MIT	MIT	licenses/async-io-2.6.0-LICENSE-MIT-MIT-4a19b79c66-23f18e03dc49.txt	licenses/adler2-2.0.1-LICENSE-MIT-MIT-ceec63d9fa-23f18e03dc49.txt	23f18e03dc49df91622fe2a76176497404e46ced8a715d9d2b67a7446571cca3		arch-x86_64,el10-x86_64,fedora44-x86_64,ubuntu-amd64	TARGET_LINKED_RUNTIME	Target compilation-unit owner: mcraw4vulkan -normal:mcraw4vulkan_preflight-> mcraw4vulkan-preflight@0.1.0 -normal:notify_rust-> notify-rust@4.17.0 -normal:zbus-> zbus@5.19.0 -normal:async_io-> async-io@2.6.0. Observed unit contexts: HOST_BUILD_SCRIPT,TARGET_LINKED_RUNTIME.		PASS
async-lock	3.4.2	rust-package	https://crates.io/crates/async-lock/3.4.2	Apache-2.0 OR MIT	MIT	licenses/async-lock-3.4.2-LICENSE-MIT-MIT-9ae702f3b2-23f18e03dc49.txt	licenses/adler2-2.0.1-LICENSE-MIT-MIT-ceec63d9fa-23f18e03dc49.txt	23f18e03dc49df91622fe2a76176497404e46ced8a715d9d2b67a7446571cca3		arch-x86_64,el10-x86_64,fedora44-x86_64,ubuntu-amd64	TARGET_LINKED_RUNTIME	Target compilation-unit owner: mcraw4vulkan -normal:mcraw4vulkan_preflight-> mcraw4vulkan-preflight@0.1.0 -normal:notify_rust-> notify-rust@4.17.0 -normal:zbus-> zbus@5.19.0 -normal:async_lock-> async-lock@3.4.2. Observed unit contexts: TARGET_LINKED_RUNTIME.		PASS
async-process	2.5.0	rust-package	https://crates.io/crates/async-process/2.5.0	Apache-2.0 OR MIT	MIT	licenses/async-process-2.5.0-LICENSE-MIT-MIT-5483234ba2-23f18e03dc49.txt	licenses/adler2-2.0.1-LICENSE-MIT-MIT-ceec63d9fa-23f18e03dc49.txt	23f18e03dc49df91622fe2a76176497404e46ced8a715d9d2b67a7446571cca3		arch-x86_64,el10-x86_64,fedora44-x86_64,ubuntu-amd64	TARGET_LINKED_RUNTIME	Target compilation-unit owner: mcraw4vulkan -normal:mcraw4vulkan_preflight-> mcraw4vulkan-preflight@0.1.0 -normal:notify_rust-> notify-rust@4.17.0 -normal:zbus-> zbus@5.19.0 -normal:async_process-> async-process@2.5.0. Observed unit contexts: TARGET_LINKED_RUNTIME.		PASS
async-recursion	1.1.1	rust-package	https://crates.io/crates/async-recursion/1.1.1	MIT OR Apache-2.0	NOT_SELECTED						HOST_PROC_MACRO		Host-only compilation-unit proof: mcraw4vulkan -normal:mcraw4vulkan_preflight-> mcraw4vulkan-preflight@0.1.0 -normal:notify_rust-> notify-rust@4.17.0 -normal:zbus-> zbus@5.19.0 -normal:async_recursion-> async-recursion@1.1.1. No independent target unit or generated-material proof.	PASS
async-signal	0.2.14	rust-package	https://crates.io/crates/async-signal/0.2.14	Apache-2.0 OR MIT	MIT	licenses/async-signal-0.2.14-LICENSE-MIT-MIT-0e9c483a60-23f18e03dc49.txt	licenses/adler2-2.0.1-LICENSE-MIT-MIT-ceec63d9fa-23f18e03dc49.txt	23f18e03dc49df91622fe2a76176497404e46ced8a715d9d2b67a7446571cca3		arch-x86_64,el10-x86_64,fedora44-x86_64,ubuntu-amd64	TARGET_LINKED_RUNTIME	Target compilation-unit owner: mcraw4vulkan -normal:mcraw4vulkan_preflight-> mcraw4vulkan-preflight@0.1.0 -normal:notify_rust-> notify-rust@4.17.0 -normal:zbus-> zbus@5.19.0 -normal:async_process-> async-process@2.5.0 -normal:async_signal-> async-signal@0.2.14. Observed unit contexts: TARGET_LINKED_RUNTIME.		PASS
async-task	4.7.1	rust-package	https://crates.io/crates/async-task/4.7.1	Apache-2.0 OR MIT	MIT	licenses/async-task-4.7.1-LICENSE-MIT-MIT-f353e14b94-23f18e03dc49.txt	licenses/adler2-2.0.1-LICENSE-MIT-MIT-ceec63d9fa-23f18e03dc49.txt	23f18e03dc49df91622fe2a76176497404e46ced8a715d9d2b67a7446571cca3		arch-x86_64,el10-x86_64,fedora44-x86_64,ubuntu-amd64	TARGET_LINKED_RUNTIME	Target compilation-unit owner: mcraw4vulkan -normal:mcraw4vulkan_preflight-> mcraw4vulkan-preflight@0.1.0 -normal:notify_rust-> notify-rust@4.17.0 -normal:zbus-> zbus@5.19.0 -normal:async_executor-> async-executor@1.14.0 -normal:async_task-> async-task@4.7.1. Observed unit contexts: TARGET_LINKED_RUNTIME.		PASS
async-trait	0.1.92	rust-package	https://crates.io/crates/async-trait/0.1.92	MIT OR Apache-2.0	NOT_SELECTED						HOST_PROC_MACRO		Host-only compilation-unit proof: mcraw4vulkan -normal:mcraw4vulkan_preflight-> mcraw4vulkan-preflight@0.1.0 -normal:notify_rust-> notify-rust@4.17.0 -normal:zbus-> zbus@5.19.0 -normal:async_trait-> async-trait@0.1.92. No independent target unit or generated-material proof.	PASS
atomic-waker	1.1.2	rust-package	https://crates.io/crates/atomic-waker/1.1.2	Apache-2.0 OR MIT	MIT	licenses/atomic-waker-1.1.2-LICENSE-MIT-MIT-87003d2295-23f18e03dc49.txt	licenses/adler2-2.0.1-LICENSE-MIT-MIT-ceec63d9fa-23f18e03dc49.txt	23f18e03dc49df91622fe2a76176497404e46ced8a715d9d2b67a7446571cca3		arch-x86_64,el10-x86_64,fedora44-x86_64,ubuntu-amd64	TARGET_LINKED_RUNTIME	Target compilation-unit owner: mcraw4vulkan -normal:mcraw4vulkan_preflight-> mcraw4vulkan-preflight@0.1.0 -normal:notify_rust-> notify-rust@4.17.0 -normal:zbus-> zbus@5.19.0 -normal:blocking-> blocking@1.6.2 -normal:piper-> piper@0.2.5 -normal:atomic_waker-> atomic-waker@1.1.2. Observed unit contexts: TARGET_LINKED_RUNTIME.		PASS
atomic-waker	1.1.2	rust-package	https://crates.io/crates/atomic-waker/1.1.2	Apache-2.0 OR MIT	MIT	licenses/atomic-waker-1.1.2-LICENSE-THIRD-PARTY-MIT-a3bb2ae02a-6226d0632e2e.txt	licenses/atomic-waker-1.1.2-LICENSE-THIRD-PARTY-MIT-a3bb2ae02a-6226d0632e2e.txt	6226d0632e2e1a80c23597e964da9812ae193c535fe058154afb034e94167aa5		arch-x86_64,el10-x86_64,fedora44-x86_64,ubuntu-amd64	TARGET_LINKED_RUNTIME	Target compilation-unit owner: mcraw4vulkan -normal:mcraw4vulkan_preflight-> mcraw4vulkan-preflight@0.1.0 -normal:notify_rust-> notify-rust@4.17.0 -normal:zbus-> zbus@5.19.0 -normal:blocking-> blocking@1.6.2 -normal:piper-> piper@0.2.5 -normal:atomic_waker-> atomic-waker@1.1.2. Observed unit contexts: TARGET_LINKED_RUNTIME.		PASS
autocfg	1.5.1	rust-package	https://crates.io/crates/autocfg/1.5.1	Apache-2.0 OR MIT	NOT_SELECTED						HOST_BUILD_DEPENDENCY		Host-only compilation-unit proof: mcraw4vulkan -normal:mcraw4vulkan_display-> mcraw4vulkan-display@0.1.0 -normal:wgpu-> wgpu@24.0.5 -normal:hal-> wgpu-hal@24.0.4 -normal:ordered_float-> ordered-float@4.6.0 -normal:num_traits-> num-traits@0.2.19 -build:autocfg-> autocfg@1.5.1. No independent target unit or generated-material proof.	PASS
bit-set	0.8.0	rust-package	https://crates.io/crates/bit-set/0.8.0	Apache-2.0 OR MIT	MIT	licenses/bit-set-0.8.0-LICENSE-MIT-MIT-daced6829b-f51ac2c59a22.txt	licenses/bit-set-0.8.0-LICENSE-MIT-MIT-daced6829b-f51ac2c59a22.txt	f51ac2c59a222f7476ce507ca879960e2b64ea64bb2786eefdbeb7b0b538d1b7		arch-x86_64,el10-x86_64,fedora44-x86_64,macos-universal,ubuntu-amd64,windows-x64	TARGET_LINKED_RUNTIME	Target compilation-unit owner: mcraw4vulkan -normal:mcraw4vulkan_display-> mcraw4vulkan-display@0.1.0 -normal:wgpu-> wgpu@24.0.5 -normal:hal-> wgpu-hal@24.0.4 -normal:naga-> naga@24.0.0 -normal:bit_set-> bit-set@0.8.0. Observed unit contexts: TARGET_LINKED_RUNTIME.		PASS
bit-vec	0.8.0	rust-package	https://crates.io/crates/bit-vec/0.8.0	Apache-2.0 OR MIT	MIT	licenses/bit-vec-0.8.0-LICENSE-MIT-MIT-9e36211d45-f51ac2c59a22.txt	licenses/bit-set-0.8.0-LICENSE-MIT-MIT-daced6829b-f51ac2c59a22.txt	f51ac2c59a222f7476ce507ca879960e2b64ea64bb2786eefdbeb7b0b538d1b7		arch-x86_64,el10-x86_64,fedora44-x86_64,macos-universal,ubuntu-amd64,windows-x64	TARGET_LINKED_RUNTIME	Target compilation-unit owner: mcraw4vulkan -normal:mcraw4vulkan_display-> mcraw4vulkan-display@0.1.0 -normal:wgpu-> wgpu@24.0.5 -normal:hal-> wgpu-hal@24.0.4 -normal:naga-> naga@24.0.0 -normal:bit_set-> bit-set@0.8.0 -normal:bit_vec-> bit-vec@0.8.0. Observed unit contexts: TARGET_LINKED_RUNTIME.		PASS
bitflags	1.3.2	rust-package	https://crates.io/crates/bitflags/1.3.2	MIT/Apache-2.0	MIT	licenses/bitflags-1.3.2-LICENSE-MIT-MIT-76a9400ff4-6485b8ed310d.txt	licenses/bitflags-1.3.2-LICENSE-MIT-MIT-76a9400ff4-6485b8ed310d.txt	6485b8ed310d3f0340bf1ad1f47645069ce4069dcc6bb46c7d5c6faf41de1fdb		arch-x86_64,el10-x86_64,fedora44-x86_64,macos-universal,ubuntu-amd64,windows-x64	TARGET_LINKED_RUNTIME	Target compilation-unit owner: mcraw4vulkan -normal:mcraw4vulkan_display_sound-> mcraw4vulkan-display-sound@0.1.0 -normal:sdl2-> sdl2@0.38.0 -normal:bitflags-> bitflags@1.3.2. Observed unit contexts: HOST_PROC_MACRO_SUPPORT,TARGET_LINKED_RUNTIME.		PASS
bitflags	2.13.1	rust-package	https://crates.io/crates/bitflags/2.13.1	MIT OR Apache-2.0	MIT	licenses/bitflags-2.13.1-LICENSE-MIT-MIT-8855c38f54-6485b8ed310d.txt	licenses/bitflags-1.3.2-LICENSE-MIT-MIT-76a9400ff4-6485b8ed310d.txt	6485b8ed310d3f0340bf1ad1f47645069ce4069dcc6bb46c7d5c6faf41de1fdb		arch-x86_64,el10-x86_64,fedora44-x86_64,macos-universal,ubuntu-amd64,windows-x64	TARGET_LINKED_RUNTIME	Target compilation-unit owner: mcraw4vulkan -normal:mcraw4vulkan_display-> mcraw4vulkan-display@0.1.0 -normal:wgpu-> wgpu@24.0.5 -normal:bitflags-> bitflags@2.13.1. Observed unit contexts: TARGET_LINKED_RUNTIME.		PASS
block	0.1.6	rust-package	https://crates.io/crates/block/0.1.6	MIT	MIT	licenses/block-0.1.6-GENERIC-MIT-MIT-5bf6d96102-2ea522e12139.txt	licenses/block-0.1.6-GENERIC-MIT-MIT-5bf6d96102-2ea522e12139.txt	2ea522e1213979f65243010d7054ac2f861fe92e6f29c685e4e4960bbf7a3c0d		macos-universal	TARGET_LINKED_RUNTIME	Target compilation-unit owner: mcraw4vulkan -normal:mcraw4vulkan_display-> mcraw4vulkan-display@0.1.0 -normal:wgpu-> wgpu@24.0.5 -normal:hal-> wgpu-hal@24.0.4 -normal:block-> block@0.1.6. Observed unit contexts: TARGET_LINKED_RUNTIME. Legal text source: SPDX MIT.txt at revision 5bf6d9610255540bfbee6890765a616042bf1e11; generic MIT explicitly authorized after crates.io metadata confirmed block 0.1.6 license MIT; Copyright (c) 2015 Steven Sheldon.		PASS
block2	0.6.2	rust-package	https://crates.io/crates/block2/0.6.2	MIT	MIT	licenses/block2-0.6.2-LICENSE-MIT.txt-MIT-94bb7d7ede-f6a2e783669a.txt	licenses/block2-0.6.2-LICENSE-MIT.txt-MIT-94bb7d7ede-f6a2e783669a.txt	f6a2e783669a0dd7a2c3b8a4f76db40ae49033e66e1bdc30f3aa25fe5577b070		macos-universal	TARGET_LINKED_RUNTIME	Target compilation-unit owner: mcraw4vulkan -normal:mcraw4vulkan_preflight-> mcraw4vulkan-preflight@0.1.0 -normal:notify_rust-> notify-rust@4.17.0 -normal:mac_notification_sys-> mac-notification-sys@0.6.15 -normal:objc2_foundation-> objc2-foundation@0.3.2 -normal:block2-> block2@0.6.2. Observed unit contexts: TARGET_LINKED_RUNTIME. Legal text source: https://github.com/madsmtm/objc2/blob/main/LICENSE-MIT.txt at revision 94bb7d7ede901aaf483fa73bb67d58b462911652; exact upstream bytes.		PASS
blocking	1.6.2	rust-package	https://crates.io/crates/blocking/1.6.2	Apache-2.0 OR MIT	MIT	licenses/blocking-1.6.2-LICENSE-MIT-MIT-e71aace773-23f18e03dc49.txt	licenses/adler2-2.0.1-LICENSE-MIT-MIT-ceec63d9fa-23f18e03dc49.txt	23f18e03dc49df91622fe2a76176497404e46ced8a715d9d2b67a7446571cca3		arch-x86_64,el10-x86_64,fedora44-x86_64,ubuntu-amd64	TARGET_LINKED_RUNTIME	Target compilation-unit owner: mcraw4vulkan -normal:mcraw4vulkan_preflight-> mcraw4vulkan-preflight@0.1.0 -normal:notify_rust-> notify-rust@4.17.0 -normal:zbus-> zbus@5.19.0 -normal:blocking-> blocking@1.6.2. Observed unit contexts: TARGET_LINKED_RUNTIME.		PASS
bumpalo	3.20.3	rust-package	https://crates.io/crates/bumpalo/3.20.3	MIT OR Apache-2.0	NOT_SELECTED						TARGET_NOT_APPLICABLE		Locked for another target/optional graph but unreachable from production or dev roots on the four audited release targets. License expression verified from locally cached exact crates.io archive bumpalo-3.20.3.crate.	PASS
bytemuck	1.25.2	rust-package	https://crates.io/crates/bytemuck/1.25.2	Zlib OR Apache-2.0 OR MIT	MIT	licenses/bytemuck-1.25.2-LICENSE-MIT-MIT-1bbd74039b-9df9ba60a11a.txt	licenses/bytemuck-1.25.2-LICENSE-MIT-MIT-1bbd74039b-9df9ba60a11a.txt	9df9ba60a11af705f2e451b53762686e615d86f76b169cf075c3237730dbd7e2		arch-x86_64,el10-x86_64,fedora44-x86_64,macos-universal,ubuntu-amd64,windows-x64	TARGET_LINKED_RUNTIME	Target compilation-unit owner: mcraw4vulkan -normal:mcraw4vulkan_display-> mcraw4vulkan-display@0.1.0 -normal:wgpu-> wgpu@24.0.5 -normal:hal-> wgpu-hal@24.0.4 -normal:bytemuck-> bytemuck@1.25.2. Observed unit contexts: TARGET_LINKED_RUNTIME.		PASS
bytemuck_derive	1.12.0	rust-package	https://crates.io/crates/bytemuck_derive/1.12.0	Zlib OR Apache-2.0 OR MIT	NOT_SELECTED						HOST_PROC_MACRO		Host-only compilation-unit proof: mcraw4vulkan -normal:mcraw4vulkan_display-> mcraw4vulkan-display@0.1.0 -normal:wgpu-> wgpu@24.0.5 -normal:hal-> wgpu-hal@24.0.4 -normal:bytemuck-> bytemuck@1.25.2 -normal:bytemuck_derive-> bytemuck_derive@1.12.0. No independent target unit or generated-material proof.	PASS
camino	1.2.5	rust-package	https://crates.io/crates/camino/1.2.5	MIT OR Apache-2.0	MIT	licenses/camino-1.2.5-LICENSE-MIT-MIT-88057c2fb9-23f18e03dc49.txt	licenses/adler2-2.0.1-LICENSE-MIT-MIT-ceec63d9fa-23f18e03dc49.txt	23f18e03dc49df91622fe2a76176497404e46ced8a715d9d2b67a7446571cca3		arch-x86_64,el10-x86_64,fedora44-x86_64,macos-universal,ubuntu-amd64,windows-x64	TARGET_LINKED_RUNTIME	Target compilation-unit owner: mcraw4vulkan -normal:mcraw4vulkan_audio-> mcraw4vulkan-audio@0.1.0 -normal:mcraw4vulkan_core-> mcraw4vulkan-core@0.1.0 -normal:camino-> camino@1.2.5. Observed unit contexts: HOST_BUILD_SCRIPT,TARGET_LINKED_RUNTIME.		PASS
cc	1.4.2	rust-package	https://crates.io/crates/cc/1.4.2	MIT OR Apache-2.0	NOT_SELECTED						HOST_BUILD_DEPENDENCY		Host-only compilation-unit proof: mcraw4vulkan -normal:mcraw4vulkan_preflight-> mcraw4vulkan-preflight@0.1.0 -normal:notify_rust-> notify-rust@4.17.0 -normal:mac_notification_sys-> mac-notification-sys@0.6.15 -build:cc-> cc@1.4.2. No independent target unit or generated-material proof.	PASS
cfg-if	1.0.4	rust-package	https://crates.io/crates/cfg-if/1.0.4	MIT OR Apache-2.0	MIT	licenses/cfg-if-1.0.4-LICENSE-MIT-MIT-63c9246c77-378f5840b258.txt	licenses/cfg-if-1.0.4-LICENSE-MIT-MIT-63c9246c77-378f5840b258.txt	378f5840b258e2779c39418f3f2d7b2ba96f1c7917dd6be0713f88305dbda397		arch-x86_64,el10-x86_64,fedora44-x86_64,macos-universal,ubuntu-amd64,windows-x64	TARGET_LINKED_RUNTIME	Target compilation-unit owner: mcraw4vulkan -normal:mcraw4vulkan_display-> mcraw4vulkan-display@0.1.0 -normal:wgpu-> wgpu@24.0.5 -normal:hal-> wgpu-hal@24.0.4 -normal:ash-> ash@0.38.0+1.3.281 -normal:libloading-> libloading@0.8.9 -normal:cfg_if-> cfg-if@1.0.4. Observed unit contexts: HOST_BUILD_DEPENDENCY,TARGET_LINKED_RUNTIME.		PASS
cfg_aliases	0.2.2	rust-package	https://crates.io/crates/cfg_aliases/0.2.2	MIT	NOT_SELECTED						HOST_BUILD_DEPENDENCY		Host-only compilation-unit proof: mcraw4vulkan -normal:mcraw4vulkan_display-> mcraw4vulkan-display@0.1.0 -normal:wgpu-> wgpu@24.0.5 -build:cfg_aliases-> cfg_aliases@0.2.2. No independent target unit or generated-material proof.	PASS
codespan-reporting	0.11.1	rust-package	https://crates.io/crates/codespan-reporting/0.11.1	Apache-2.0	Apache-2.0	licenses/codespan-reporting-0.11.1-LICENSE-Apache-2_0-8e5187e04e-c71d239df917.txt	licenses/codespan-reporting-0.11.1-LICENSE-Apache-2_0-8e5187e04e-c71d239df917.txt	c71d239df91726fc519c6eb72d318ec65820627232b2f796219e87dcf35d0ab4		arch-x86_64,el10-x86_64,fedora44-x86_64,macos-universal,ubuntu-amd64,windows-x64	TARGET_LINKED_RUNTIME	Target compilation-unit owner: mcraw4vulkan -normal:mcraw4vulkan_display-> mcraw4vulkan-display@0.1.0 -normal:wgpu-> wgpu@24.0.5 -normal:hal-> wgpu-hal@24.0.4 -normal:naga-> naga@24.0.0 -normal:codespan_reporting-> codespan-reporting@0.11.1. Observed unit contexts: TARGET_LINKED_RUNTIME.		PASS
concurrent-queue	2.5.0	rust-package	https://crates.io/crates/concurrent-queue/2.5.0	Apache-2.0 OR MIT	MIT	licenses/concurrent-queue-2.5.0-LICENSE-MIT-MIT-877a833260-23f18e03dc49.txt	licenses/adler2-2.0.1-LICENSE-MIT-MIT-ceec63d9fa-23f18e03dc49.txt	23f18e03dc49df91622fe2a76176497404e46ced8a715d9d2b67a7446571cca3		arch-x86_64,el10-x86_64,fedora44-x86_64,ubuntu-amd64	TARGET_LINKED_RUNTIME	Target compilation-unit owner: mcraw4vulkan -normal:mcraw4vulkan_preflight-> mcraw4vulkan-preflight@0.1.0 -normal:notify_rust-> notify-rust@4.17.0 -normal:zbus-> zbus@5.19.0 -normal:async_executor-> async-executor@1.14.0 -normal:concurrent_queue-> concurrent-queue@2.5.0. Observed unit contexts: TARGET_LINKED_RUNTIME.		PASS
core-foundation	0.9.4	rust-package	https://crates.io/crates/core-foundation/0.9.4	MIT OR Apache-2.0	MIT	licenses/core-foundation-0.9.4-LICENSE-MIT-MIT-d18ad10a03-62065228e42c.txt	licenses/core-foundation-0.9.4-LICENSE-MIT-MIT-d18ad10a03-62065228e42c.txt	62065228e42caebca7e7d7db1204cbb867033de5982ca4009928915e4095f3a3		macos-universal	TARGET_LINKED_RUNTIME	Target compilation-unit owner: mcraw4vulkan -normal:mcraw4vulkan_display-> mcraw4vulkan-display@0.1.0 -normal:wgpu-> wgpu@24.0.5 -normal:hal-> wgpu-hal@24.0.4 -normal:core_graphics_types-> core-graphics-types@0.1.3 -normal:core_foundation-> core-foundation@0.9.4. Observed unit contexts: TARGET_LINKED_RUNTIME.		PASS
core-foundation-sys	0.8.7	rust-package	https://crates.io/crates/core-foundation-sys/0.8.7	MIT OR Apache-2.0	MIT	licenses/core-foundation-sys-0.8.7-LICENSE-MIT-MIT-eba077cf8d-62065228e42c.txt	licenses/core-foundation-0.9.4-LICENSE-MIT-MIT-d18ad10a03-62065228e42c.txt	62065228e42caebca7e7d7db1204cbb867033de5982ca4009928915e4095f3a3		macos-universal	TARGET_LINKED_RUNTIME	Target compilation-unit owner: mcraw4vulkan -normal:mcraw4vulkan_display-> mcraw4vulkan-display@0.1.0 -normal:wgpu-> wgpu@24.0.5 -normal:hal-> wgpu-hal@24.0.4 -normal:core_graphics_types-> core-graphics-types@0.1.3 -normal:core_foundation-> core-foundation@0.9.4 -normal:core_foundation_sys-> core-foundation-sys@0.8.7. Observed unit contexts: TARGET_LINKED_RUNTIME.		PASS
core-graphics-types	0.1.3	rust-package	https://crates.io/crates/core-graphics-types/0.1.3	MIT OR Apache-2.0	MIT	licenses/core-graphics-types-0.1.3-LICENSE-MIT-MIT-8ec22781b7-62065228e42c.txt	licenses/core-foundation-0.9.4-LICENSE-MIT-MIT-d18ad10a03-62065228e42c.txt	62065228e42caebca7e7d7db1204cbb867033de5982ca4009928915e4095f3a3		macos-universal	TARGET_LINKED_RUNTIME	Target compilation-unit owner: mcraw4vulkan -normal:mcraw4vulkan_display-> mcraw4vulkan-display@0.1.0 -normal:wgpu-> wgpu@24.0.5 -normal:hal-> wgpu-hal@24.0.4 -normal:core_graphics_types-> core-graphics-types@0.1.3. Observed unit contexts: TARGET_LINKED_RUNTIME.		PASS
crc32fast	1.5.0	rust-package	https://crates.io/crates/crc32fast/1.5.0	MIT OR Apache-2.0	MIT	licenses/crc32fast-1.5.0-LICENSE-MIT-MIT-f57ae98362-61d383b05b87.txt	licenses/crc32fast-1.5.0-LICENSE-MIT-MIT-f57ae98362-61d383b05b87.txt	61d383b05b87d78f94d2937e2580cce47226d17823c0430fbcad09596537efcf		arch-x86_64,el10-x86_64,fedora44-x86_64,macos-universal,ubuntu-amd64,windows-x64	TARGET_LINKED_RUNTIME	Target compilation-unit owner: mcraw4vulkan-gui -normal:png-> png@0.18.1 -normal:crc32fast-> crc32fast@1.5.0. Observed unit contexts: HOST_BUILD_SCRIPT,TARGET_LINKED_RUNTIME.		PASS
crossbeam-utils	0.8.22	rust-package	https://crates.io/crates/crossbeam-utils/0.8.22	MIT OR Apache-2.0	MIT	licenses/crossbeam-utils-0.8.22-LICENSE-MIT-MIT-50003d0fea-5734ed989dfc.txt	licenses/crossbeam-utils-0.8.22-LICENSE-MIT-MIT-50003d0fea-5734ed989dfc.txt	5734ed989dfca1f625b40281ee9f4530f91b2411ec01cb748223e7eb87e201ab		arch-x86_64,el10-x86_64,fedora44-x86_64,ubuntu-amd64	TARGET_LINKED_RUNTIME	Target compilation-unit owner: mcraw4vulkan -normal:mcraw4vulkan_preflight-> mcraw4vulkan-preflight@0.1.0 -normal:notify_rust-> notify-rust@4.17.0 -normal:zbus-> zbus@5.19.0 -normal:async_executor-> async-executor@1.14.0 -normal:concurrent_queue-> concurrent-queue@2.5.0 -normal:crossbeam_utils-> crossbeam-utils@0.8.22. Observed unit contexts: HOST_BUILD_SCRIPT,TARGET_LINKED_RUNTIME.		PASS
defmt	1.1.1	rust-package	https://crates.io/crates/defmt/1.1.1	MIT OR Apache-2.0	NOT_SELECTED						TARGET_NOT_APPLICABLE		No effective unit exists for any supported release target or public executable. Stable Cargo feature-resolved trees using --edges normal,no-proc-macro and the Linux explicit-target rustc inventory prove the prior lock-edge reachability inactive.	PASS
defmt-macros	1.1.1	rust-package	https://crates.io/crates/defmt-macros/1.1.1	MIT OR Apache-2.0	NOT_SELECTED						TARGET_NOT_APPLICABLE		No effective unit exists for any supported release target or public executable. Its only lock owner is the feature-inactive optional defmt dependency; stable feature-resolved Cargo trees and the Linux rustc inventory contain no proc-macro or build-script unit.	PASS
defmt-parser	1.0.0	rust-package	https://crates.io/crates/defmt-parser/1.0.0	MIT OR Apache-2.0	NOT_SELECTED						TARGET_NOT_APPLICABLE		No effective unit exists for any supported release target or public executable. Its only lock owner is the inactive defmt-macros package; stable feature-resolved Cargo trees and the Linux rustc inventory contain no support unit.	PASS
deranged	0.5.8	rust-package	https://crates.io/crates/deranged/0.5.8	MIT OR Apache-2.0	MIT	licenses/deranged-0.5.8-LICENSE-MIT-MIT-75354135cb-231c837c45eb.txt	licenses/deranged-0.5.8-LICENSE-MIT-MIT-75354135cb-231c837c45eb.txt	231c837c45eb53f108fb48929e488965bc4fcc14e9ea21d35f50e6b99d98685b		macos-universal	TARGET_LINKED_RUNTIME	Target compilation-unit owner: mcraw4vulkan -normal:mcraw4vulkan_preflight-> mcraw4vulkan-preflight@0.1.0 -normal:notify_rust-> notify-rust@4.17.0 -normal:mac_notification_sys-> mac-notification-sys@0.6.15 -normal:time-> time@0.3.45 -normal:deranged-> deranged@0.5.8. Observed unit contexts: TARGET_LINKED_RUNTIME.		PASS
dispatch2	0.3.1	rust-package	https://crates.io/crates/dispatch2/0.3.1	Zlib OR Apache-2.0 OR MIT	NOT_SELECTED						TARGET_NOT_APPLICABLE		No effective unit exists for any supported release target or public executable. Stable Cargo feature-resolved trees using --edges normal,no-proc-macro and the Linux explicit-target rustc inventory prove the prior lock-edge reachability inactive.	PASS
document-features	0.2.12	rust-package	https://crates.io/crates/document-features/0.2.12	MIT OR Apache-2.0	NOT_SELECTED						HOST_PROC_MACRO		Host-only compilation-unit proof: mcraw4vulkan -normal:mcraw4vulkan_display-> mcraw4vulkan-display@0.1.0 -normal:wgpu-> wgpu@24.0.5 -normal:document_features-> document-features@0.2.12. No independent target unit or generated-material proof.	PASS
ecolor	0.31.1	rust-package	https://crates.io/crates/ecolor/0.31.1	MIT OR Apache-2.0	MIT	licenses/ecolor-0.31.1-LICENSE-MIT-MIT-549067818d-95ca92f5f8ea.txt	licenses/ecolor-0.31.1-LICENSE-MIT-MIT-549067818d-95ca92f5f8ea.txt	95ca92f5f8ea5231f1580b3a2a799e8260af3114b900e1def5355a7f44bcf60c		arch-x86_64,el10-x86_64,fedora44-x86_64,macos-universal,ubuntu-amd64,windows-x64	TARGET_LINKED_RUNTIME	Target compilation-unit owner: mcraw4vulkan-gui -normal:egui-> egui@0.31.1 -normal:epaint-> epaint@0.31.1 -normal:ecolor-> ecolor@0.31.1. Observed unit contexts: TARGET_LINKED_RUNTIME.		PASS
egui	0.31.1	rust-package	https://crates.io/crates/egui/0.31.1	MIT OR Apache-2.0	MIT	licenses/egui-0.31.1-LICENSE-MIT-MIT-549067818d-95ca92f5f8ea.txt	licenses/ecolor-0.31.1-LICENSE-MIT-MIT-549067818d-95ca92f5f8ea.txt	95ca92f5f8ea5231f1580b3a2a799e8260af3114b900e1def5355a7f44bcf60c		arch-x86_64,el10-x86_64,fedora44-x86_64,macos-universal,ubuntu-amd64,windows-x64	TARGET_LINKED_RUNTIME	Target compilation-unit owner: mcraw4vulkan-gui -normal:egui-> egui@0.31.1. Observed unit contexts: TARGET_LINKED_RUNTIME.		PASS
egui-wgpu	0.31.1	rust-package	https://crates.io/crates/egui-wgpu/0.31.1	MIT OR Apache-2.0	MIT	licenses/egui-wgpu-0.31.1-LICENSE-MIT-MIT-549067818d-95ca92f5f8ea.txt	licenses/ecolor-0.31.1-LICENSE-MIT-MIT-549067818d-95ca92f5f8ea.txt	95ca92f5f8ea5231f1580b3a2a799e8260af3114b900e1def5355a7f44bcf60c		arch-x86_64,el10-x86_64,fedora44-x86_64,macos-universal,ubuntu-amd64,windows-x64	TARGET_LINKED_RUNTIME	Target compilation-unit owner: mcraw4vulkan-gui -normal:egui_wgpu-> egui-wgpu@0.31.1. Observed unit contexts: TARGET_LINKED_RUNTIME.		PASS
emath	0.31.1	rust-package	https://crates.io/crates/emath/0.31.1	MIT OR Apache-2.0	MIT	licenses/emath-0.31.1-LICENSE-MIT-MIT-549067818d-95ca92f5f8ea.txt	licenses/ecolor-0.31.1-LICENSE-MIT-MIT-549067818d-95ca92f5f8ea.txt	95ca92f5f8ea5231f1580b3a2a799e8260af3114b900e1def5355a7f44bcf60c		arch-x86_64,el10-x86_64,fedora44-x86_64,macos-universal,ubuntu-amd64,windows-x64	TARGET_LINKED_RUNTIME	Target compilation-unit owner: mcraw4vulkan-gui -normal:egui-> egui@0.31.1 -normal:emath-> emath@0.31.1. Observed unit contexts: TARGET_LINKED_RUNTIME.		PASS
endi	1.1.1	rust-package	https://crates.io/crates/endi/1.1.1	MIT	MIT	licenses/endi-1.1.1-LICENSE-MIT-MIT-6ede3ddcc2-23f18e03dc49.txt	licenses/adler2-2.0.1-LICENSE-MIT-MIT-ceec63d9fa-23f18e03dc49.txt	23f18e03dc49df91622fe2a76176497404e46ced8a715d9d2b67a7446571cca3		arch-x86_64,el10-x86_64,fedora44-x86_64,ubuntu-amd64	TARGET_LINKED_RUNTIME	Target compilation-unit owner: mcraw4vulkan -normal:mcraw4vulkan_preflight-> mcraw4vulkan-preflight@0.1.0 -normal:notify_rust-> notify-rust@4.17.0 -normal:zbus-> zbus@5.19.0 -normal:zbus_names-> zbus_names@4.3.4 -normal:zvariant-> zvariant@5.14.0 -normal:endi-> endi@1.1.1. Observed unit contexts: HOST_PROC_MACRO_SUPPORT,TARGET_LINKED_RUNTIME.		PASS
enumflags2	0.7.12	rust-package	https://crates.io/crates/enumflags2/0.7.12	MIT OR Apache-2.0	MIT	licenses/enumflags2-0.7.12-LICENSE-MIT-MIT-c9d01dc871-2e3edd2716fb.txt	licenses/enumflags2-0.7.12-LICENSE-MIT-MIT-c9d01dc871-2e3edd2716fb.txt	2e3edd2716fb15616e867bd53f724f0906732242e9ae76bb1faad1d88f7eeebd		arch-x86_64,el10-x86_64,fedora44-x86_64,ubuntu-amd64	TARGET_LINKED_RUNTIME	Target compilation-unit owner: mcraw4vulkan -normal:mcraw4vulkan_preflight-> mcraw4vulkan-preflight@0.1.0 -normal:notify_rust-> notify-rust@4.17.0 -normal:zbus-> zbus@5.19.0 -normal:enumflags2-> enumflags2@0.7.12. Observed unit contexts: HOST_PROC_MACRO_SUPPORT,TARGET_LINKED_RUNTIME.		PASS
enumflags2_derive	0.7.12	rust-package	https://crates.io/crates/enumflags2_derive/0.7.12	MIT OR Apache-2.0	NOT_SELECTED						HOST_PROC_MACRO		Host-only compilation-unit proof: mcraw4vulkan -normal:mcraw4vulkan_preflight-> mcraw4vulkan-preflight@0.1.0 -normal:notify_rust-> notify-rust@4.17.0 -normal:zbus-> zbus@5.19.0 -normal:enumflags2-> enumflags2@0.7.12 -normal:enumflags2_derive-> enumflags2_derive@0.7.12. No independent target unit or generated-material proof.	PASS
epaint	0.31.1	rust-package	https://crates.io/crates/epaint/0.31.1	MIT OR Apache-2.0	MIT	licenses/epaint-0.31.1-LICENSE-MIT-MIT-549067818d-95ca92f5f8ea.txt	licenses/ecolor-0.31.1-LICENSE-MIT-MIT-549067818d-95ca92f5f8ea.txt	95ca92f5f8ea5231f1580b3a2a799e8260af3114b900e1def5355a7f44bcf60c		arch-x86_64,el10-x86_64,fedora44-x86_64,macos-universal,ubuntu-amd64,windows-x64	TARGET_LINKED_RUNTIME	Target compilation-unit owner: mcraw4vulkan-gui -normal:egui-> egui@0.31.1 -normal:epaint-> epaint@0.31.1. Observed unit contexts: TARGET_LINKED_RUNTIME.		PASS
epaint_default_fonts	0.31.1	rust-package	https://crates.io/crates/epaint_default_fonts/0.31.1	(MIT OR Apache-2.0) AND OFL-1.1 AND Ubuntu-font-1.0	MIT,OFL-1.1,Ubuntu-font-1.0	licenses/epaint_default_fonts-0.31.1-LICENSE-MIT-MIT-549067818d-95ca92f5f8ea.txt	licenses/ecolor-0.31.1-LICENSE-MIT-MIT-549067818d-95ca92f5f8ea.txt	95ca92f5f8ea5231f1580b3a2a799e8260af3114b900e1def5355a7f44bcf60c		arch-x86_64,el10-x86_64,fedora44-x86_64,macos-universal,ubuntu-amd64,windows-x64	TARGET_LINKED_RUNTIME	Target compilation-unit owner: mcraw4vulkan-gui -normal:egui-> egui@0.31.1 -normal:epaint-> epaint@0.31.1 -normal:epaint_default_fonts-> epaint_default_fonts@0.31.1. Observed unit contexts: TARGET_LINKED_RUNTIME.		PASS
epaint_default_fonts	0.31.1	rust-package	https://crates.io/crates/epaint_default_fonts/0.31.1	(MIT OR Apache-2.0) AND OFL-1.1 AND Ubuntu-font-1.0	MIT,OFL-1.1,Ubuntu-font-1.0	licenses/epaint_default_fonts-0.31.1-OFL.txt-MIT-b41cd5785e-6a73f9541c2d.txt	licenses/epaint_default_fonts-0.31.1-OFL.txt-MIT-b41cd5785e-6a73f9541c2d.txt	6a73f9541c2de74158c0e7cf6b0a58ef774f5a780bf191f2d7ec9cc53efe2bf2		arch-x86_64,el10-x86_64,fedora44-x86_64,macos-universal,ubuntu-amd64,windows-x64	TARGET_LINKED_RUNTIME	Target compilation-unit owner: mcraw4vulkan-gui -normal:egui-> egui@0.31.1 -normal:epaint-> epaint@0.31.1 -normal:epaint_default_fonts-> epaint_default_fonts@0.31.1. Observed unit contexts: TARGET_LINKED_RUNTIME.		PASS
epaint_default_fonts	0.31.1	rust-package	https://crates.io/crates/epaint_default_fonts/0.31.1	(MIT OR Apache-2.0) AND OFL-1.1 AND Ubuntu-font-1.0	MIT,OFL-1.1,Ubuntu-font-1.0	licenses/epaint_default_fonts-0.31.1-UFL.txt-MIT-040d1afbfc-2f0015108d68.txt	licenses/epaint_default_fonts-0.31.1-UFL.txt-MIT-040d1afbfc-2f0015108d68.txt	2f0015108d68627bd788d313f529c21ff4da2c2c42a5e1f3883acc83480f9002		arch-x86_64,el10-x86_64,fedora44-x86_64,macos-universal,ubuntu-amd64,windows-x64	TARGET_LINKED_RUNTIME	Target compilation-unit owner: mcraw4vulkan-gui -normal:egui-> egui@0.31.1 -normal:epaint-> epaint@0.31.1 -normal:epaint_default_fonts-> epaint_default_fonts@0.31.1. Observed unit contexts: TARGET_LINKED_RUNTIME.		PASS
epaint_default_fonts	0.31.1	rust-package	https://crates.io/crates/epaint_default_fonts/0.31.1	(MIT OR Apache-2.0) AND OFL-1.1 AND Ubuntu-font-1.0	MIT,OFL-1.1,Ubuntu-font-1.0	licenses/epaint_default_fonts-0.31.1-emoji-icon-font-mit-license.txt-MIT-d7c1562e1f-b9d2c1d909aa.txt	licenses/epaint_default_fonts-0.31.1-emoji-icon-font-mit-license.txt-MIT-d7c1562e1f-b9d2c1d909aa.txt	b9d2c1d909aa149996fd4c91dcb92b2362a04431640c1d200959da94caf8cde1		arch-x86_64,el10-x86_64,fedora44-x86_64,macos-universal,ubuntu-amd64,windows-x64	TARGET_LINKED_RUNTIME	Target compilation-unit owner: mcraw4vulkan-gui -normal:egui-> egui@0.31.1 -normal:epaint-> epaint@0.31.1 -normal:epaint_default_fonts-> epaint_default_fonts@0.31.1. Observed unit contexts: TARGET_LINKED_RUNTIME.		PASS
equivalent	1.0.2	rust-package	https://crates.io/crates/equivalent/1.0.2	Apache-2.0 OR MIT	MIT	licenses/equivalent-1.0.2-LICENSE-MIT-MIT-06dce6b921-7365cc8878a1.txt	licenses/equivalent-1.0.2-LICENSE-MIT-MIT-06dce6b921-7365cc8878a1.txt	7365cc8878a1d7ce155a58c4ca09c3d7a6be413efa5334a80ea842912b669349		arch-x86_64,el10-x86_64,fedora44-x86_64,macos-universal,ubuntu-amd64,windows-x64	TARGET_LINKED_RUNTIME	Target compilation-unit owner: mcraw4vulkan -normal:mcraw4vulkan_display-> mcraw4vulkan-display@0.1.0 -normal:wgpu-> wgpu@24.0.5 -normal:hal-> wgpu-hal@24.0.4 -normal:naga-> naga@24.0.0 -normal:indexmap-> indexmap@2.14.0 -normal:equivalent-> equivalent@1.0.2. Observed unit contexts: HOST_BUILD_DEPENDENCY,HOST_PROC_MACRO_SUPPORT,TARGET_LINKED_RUNTIME.		PASS
errno	0.3.14	rust-package	https://crates.io/crates/errno/0.3.14	MIT OR Apache-2.0	MIT	licenses/errno-0.3.14-LICENSE-MIT-MIT-98c250bbb5-8764a5976757.txt	licenses/errno-0.3.14-LICENSE-MIT-MIT-98c250bbb5-8764a5976757.txt	8764a597675778ddfd4e25f81b08a05dbcf089ac05662df7613fe67f150e3aa2		arch-x86_64,el10-x86_64,fedora44-x86_64,ubuntu-amd64	TARGET_LINKED_RUNTIME	Target compilation-unit owner: mcraw4vulkan -normal:mcraw4vulkan_preflight-> mcraw4vulkan-preflight@0.1.0 -normal:notify_rust-> notify-rust@4.17.0 -normal:zbus-> zbus@5.19.0 -normal:async_io-> async-io@2.6.0 -normal:polling-> polling@3.11.0 -normal:rustix-> rustix@1.1.4 -normal:libc_errno-> errno@0.3.14. Observed unit contexts: TARGET_LINKED_RUNTIME.		PASS
event-listener	5.4.2	rust-package	https://crates.io/crates/event-listener/5.4.2	Apache-2.0 OR MIT	MIT	licenses/event-listener-5.4.2-LICENSE-MIT-MIT-3e4986c08d-23f18e03dc49.txt	licenses/adler2-2.0.1-LICENSE-MIT-MIT-ceec63d9fa-23f18e03dc49.txt	23f18e03dc49df91622fe2a76176497404e46ced8a715d9d2b67a7446571cca3		arch-x86_64,el10-x86_64,fedora44-x86_64,ubuntu-amd64	TARGET_LINKED_RUNTIME	Target compilation-unit owner: mcraw4vulkan -normal:mcraw4vulkan_preflight-> mcraw4vulkan-preflight@0.1.0 -normal:notify_rust-> notify-rust@4.17.0 -normal:zbus-> zbus@5.19.0 -normal:async_broadcast-> async-broadcast@0.7.2 -normal:event_listener-> event-listener@5.4.2. Observed unit contexts: TARGET_LINKED_RUNTIME.		PASS
event-listener-strategy	0.5.4	rust-package	https://crates.io/crates/event-listener-strategy/0.5.4	Apache-2.0 OR MIT	MIT	licenses/event-listener-strategy-0.5.4-LICENSE-MIT-MIT-1216b7c3ec-23f18e03dc49.txt	licenses/adler2-2.0.1-LICENSE-MIT-MIT-ceec63d9fa-23f18e03dc49.txt	23f18e03dc49df91622fe2a76176497404e46ced8a715d9d2b67a7446571cca3		arch-x86_64,el10-x86_64,fedora44-x86_64,ubuntu-amd64	TARGET_LINKED_RUNTIME	Target compilation-unit owner: mcraw4vulkan -normal:mcraw4vulkan_preflight-> mcraw4vulkan-preflight@0.1.0 -normal:notify_rust-> notify-rust@4.17.0 -normal:zbus-> zbus@5.19.0 -normal:async_broadcast-> async-broadcast@0.7.2 -normal:event_listener_strategy-> event-listener-strategy@0.5.4. Observed unit contexts: TARGET_LINKED_RUNTIME.		PASS
fastrand	2.5.0	rust-package	https://crates.io/crates/fastrand/2.5.0	Apache-2.0 OR MIT	MIT	licenses/fastrand-2.5.0-LICENSE-MIT-MIT-cf3b4f432f-23f18e03dc49.txt	licenses/adler2-2.0.1-LICENSE-MIT-MIT-ceec63d9fa-23f18e03dc49.txt	23f18e03dc49df91622fe2a76176497404e46ced8a715d9d2b67a7446571cca3		arch-x86_64,el10-x86_64,fedora44-x86_64,macos-universal,ubuntu-amd64,windows-x64	TARGET_LINKED_RUNTIME	Target compilation-unit owner: mcraw4vulkan -normal:mcraw4vulkan_preflight-> mcraw4vulkan-preflight@0.1.0 -normal:notify_rust-> notify-rust@4.17.0 -normal:futures_lite-> futures-lite@2.6.1 -normal:fastrand-> fastrand@2.5.0. Observed unit contexts: TARGET_LINKED_RUNTIME.		PASS
fdeflate	0.3.7	rust-package	https://crates.io/crates/fdeflate/0.3.7	MIT OR Apache-2.0	MIT	licenses/fdeflate-0.3.7-LICENSE-MIT-MIT-9d529190ff-c77a4cf9da72.txt	licenses/fdeflate-0.3.7-LICENSE-MIT-MIT-9d529190ff-c77a4cf9da72.txt	c77a4cf9da729987d0fe7ccd811e3bd27393914ddf3d23467c18cc22954513b3		arch-x86_64,el10-x86_64,fedora44-x86_64,macos-universal,ubuntu-amd64,windows-x64	TARGET_LINKED_RUNTIME	Target compilation-unit owner: mcraw4vulkan-gui -normal:png-> png@0.18.1 -normal:fdeflate-> fdeflate@0.3.7. Observed unit contexts: TARGET_LINKED_RUNTIME.		PASS
find-msvc-tools	0.1.10	rust-package	https://crates.io/crates/find-msvc-tools/0.1.10	MIT OR Apache-2.0	NOT_SELECTED						HOST_BUILD_DEPENDENCY		Host-only compilation-unit proof: mcraw4vulkan -normal:mcraw4vulkan_preflight-> mcraw4vulkan-preflight@0.1.0 -normal:notify_rust-> notify-rust@4.17.0 -normal:mac_notification_sys-> mac-notification-sys@0.6.15 -build:cc-> cc@1.4.2 -normal:find_msvc_tools-> find-msvc-tools@0.1.10. No independent target unit or generated-material proof.	PASS
flate2	1.1.9	rust-package	https://crates.io/crates/flate2/1.1.9	MIT OR Apache-2.0	MIT	licenses/flate2-1.1.9-LICENSE-MIT-MIT-dd990e8843-025436edff4c.txt	licenses/flate2-1.1.9-LICENSE-MIT-MIT-dd990e8843-025436edff4c.txt	025436edff4cfcdde17a5811fdea78892d8482efd1abdec5a17872d07a4f2112		arch-x86_64,el10-x86_64,fedora44-x86_64,macos-universal,ubuntu-amd64,windows-x64	TARGET_LINKED_RUNTIME	Target compilation-unit owner: mcraw4vulkan-gui -normal:png-> png@0.18.1 -normal:flate2-> flate2@1.1.9. Observed unit contexts: TARGET_LINKED_RUNTIME.		PASS
foldhash	0.1.5	rust-package	https://crates.io/crates/foldhash/0.1.5	Zlib	Zlib	licenses/foldhash-0.1.5-LICENSE-Zlib-d2f7151edb-b1181a40b2a7.txt	licenses/foldhash-0.1.5-LICENSE-Zlib-d2f7151edb-b1181a40b2a7.txt	b1181a40b2a7b25cf66fd01481713bc1005df082c53ef73e851e55071b102744		arch-x86_64,el10-x86_64,fedora44-x86_64,macos-universal,ubuntu-amd64,windows-x64	TARGET_LINKED_RUNTIME	Target compilation-unit owner: mcraw4vulkan -normal:mcraw4vulkan_display-> mcraw4vulkan-display@0.1.0 -normal:wgpu-> wgpu@24.0.5 -normal:hal-> wgpu-hal@24.0.4 -normal:gpu_descriptor-> gpu-descriptor@0.3.2 -normal:hashbrown-> hashbrown@0.15.5 -normal:foldhash-> foldhash@0.1.5. Observed unit contexts: TARGET_LINKED_RUNTIME.		PASS
foreign-types	0.5.0	rust-package	https://crates.io/crates/foreign-types/0.5.0	MIT/Apache-2.0	MIT	licenses/foreign-types-0.5.0-LICENSE-MIT-MIT-4cf651f3f2-333ea3aaa3ca.txt	licenses/foreign-types-0.5.0-LICENSE-MIT-MIT-4cf651f3f2-333ea3aaa3ca.txt	333ea3aaa3cadb819f4acd9f9153f9feee060a995ca8710f32bc5bd9a4b91734		macos-universal	TARGET_LINKED_RUNTIME	Target compilation-unit owner: mcraw4vulkan -normal:mcraw4vulkan_display-> mcraw4vulkan-display@0.1.0 -normal:wgpu-> wgpu@24.0.5 -normal:hal-> wgpu-hal@24.0.4 -normal:metal-> metal@0.31.0 -normal:foreign_types-> foreign-types@0.5.0. Observed unit contexts: TARGET_LINKED_RUNTIME.		PASS
foreign-types-macros	0.2.4	rust-package	https://crates.io/crates/foreign-types-macros/0.2.4	MIT/Apache-2.0	NOT_SELECTED						HOST_PROC_MACRO		Host-only compilation-unit proof: mcraw4vulkan -normal:mcraw4vulkan_display-> mcraw4vulkan-display@0.1.0 -normal:wgpu-> wgpu@24.0.5 -normal:hal-> wgpu-hal@24.0.4 -normal:metal-> metal@0.31.0 -normal:foreign_types-> foreign-types@0.5.0 -normal:foreign_types_macros-> foreign-types-macros@0.2.4. No independent target unit or generated-material proof.	PASS
foreign-types-shared	0.3.1	rust-package	https://crates.io/crates/foreign-types-shared/0.3.1	MIT/Apache-2.0	MIT	licenses/foreign-types-shared-0.3.1-LICENSE-MIT-MIT-30731033d2-333ea3aaa3ca.txt	licenses/foreign-types-0.5.0-LICENSE-MIT-MIT-4cf651f3f2-333ea3aaa3ca.txt	333ea3aaa3cadb819f4acd9f9153f9feee060a995ca8710f32bc5bd9a4b91734		macos-universal	TARGET_LINKED_RUNTIME	Target compilation-unit owner: mcraw4vulkan -normal:mcraw4vulkan_display-> mcraw4vulkan-display@0.1.0 -normal:wgpu-> wgpu@24.0.5 -normal:hal-> wgpu-hal@24.0.4 -normal:metal-> metal@0.31.0 -normal:foreign_types-> foreign-types@0.5.0 -normal:foreign_types_shared-> foreign-types-shared@0.3.1. Observed unit contexts: TARGET_LINKED_RUNTIME.		PASS
FUSE3	SYSTEM	native-component	https://github.com/libfuse/libfuse	NOT_DISTRIBUTED	NOT_APPLICABLE					arch-x86_64,fedora44-x86_64,el10-x86_64,ubuntu-amd64	SYSTEM_OR_PACKAGE_MANAGER_DEPENDENCY_NOT_DISTRIBUTED	Linux packaging requires the distribution FUSE3 package and forbids bundling it		PASS
fuser	0.17.0	rust-package	https://crates.io/crates/fuser/0.17.0	MIT	MIT	licenses/fuser-0.17.0-LICENSE.md-MIT-43e7a1f0bf-e5de4041803c.txt	licenses/fuser-0.17.0-LICENSE.md-MIT-43e7a1f0bf-e5de4041803c.txt	e5de4041803ce3d7b1b269165677baabbeb9e43252ad176a877bd544ca04d748		arch-x86_64,el10-x86_64,fedora44-x86_64,macos-universal,ubuntu-amd64	TARGET_LINKED_RUNTIME	Target compilation-unit owner: mcraw4vulkan -normal:mcraw4vulkan_fuse-> mcraw4vulkan-fuse@0.1.0 -normal:fuser-> fuser@0.17.0. Observed unit contexts: HOST_BUILD_SCRIPT,TARGET_LINKED_RUNTIME.		PASS
futures-core	0.3.34	rust-package	https://crates.io/crates/futures-core/0.3.34	MIT OR Apache-2.0	MIT	licenses/futures-core-0.3.34-LICENSE-MIT-MIT-80d5060481-6652c868f35d.txt	licenses/futures-core-0.3.34-LICENSE-MIT-MIT-80d5060481-6652c868f35d.txt	6652c868f35dfe5e8ef636810a4e576b9d663f3a17fb0f5613ad73583e1b88fd		arch-x86_64,el10-x86_64,fedora44-x86_64,macos-universal,ubuntu-amd64,windows-x64	TARGET_LINKED_RUNTIME	Target compilation-unit owner: mcraw4vulkan -normal:mcraw4vulkan_preflight-> mcraw4vulkan-preflight@0.1.0 -normal:notify_rust-> notify-rust@4.17.0 -normal:futures_lite-> futures-lite@2.6.1 -normal:futures_core-> futures-core@0.3.34. Observed unit contexts: TARGET_LINKED_RUNTIME.		PASS
futures-io	0.3.34	rust-package	https://crates.io/crates/futures-io/0.3.34	MIT OR Apache-2.0	MIT	licenses/futures-io-0.3.34-LICENSE-MIT-MIT-734611ec21-6652c868f35d.txt	licenses/futures-core-0.3.34-LICENSE-MIT-MIT-80d5060481-6652c868f35d.txt	6652c868f35dfe5e8ef636810a4e576b9d663f3a17fb0f5613ad73583e1b88fd		arch-x86_64,el10-x86_64,fedora44-x86_64,macos-universal,ubuntu-amd64,windows-x64	TARGET_LINKED_RUNTIME	Target compilation-unit owner: mcraw4vulkan -normal:mcraw4vulkan_preflight-> mcraw4vulkan-preflight@0.1.0 -normal:notify_rust-> notify-rust@4.17.0 -normal:futures_lite-> futures-lite@2.6.1 -normal:futures_io-> futures-io@0.3.34. Observed unit contexts: TARGET_LINKED_RUNTIME.		PASS
futures-lite	2.6.1	rust-package	https://crates.io/crates/futures-lite/2.6.1	Apache-2.0 OR MIT	MIT	licenses/futures-lite-2.6.1-LICENSE-MIT-MIT-e0c6e8803d-23f18e03dc49.txt	licenses/adler2-2.0.1-LICENSE-MIT-MIT-ceec63d9fa-23f18e03dc49.txt	23f18e03dc49df91622fe2a76176497404e46ced8a715d9d2b67a7446571cca3		arch-x86_64,el10-x86_64,fedora44-x86_64,macos-universal,ubuntu-amd64,windows-x64	TARGET_LINKED_RUNTIME	Target compilation-unit owner: mcraw4vulkan -normal:mcraw4vulkan_preflight-> mcraw4vulkan-preflight@0.1.0 -normal:notify_rust-> notify-rust@4.17.0 -normal:futures_lite-> futures-lite@2.6.1. Observed unit contexts: TARGET_LINKED_RUNTIME.		PASS
futures-lite	2.6.1	rust-package	https://crates.io/crates/futures-lite/2.6.1	Apache-2.0 OR MIT	MIT	licenses/futures-lite-2.6.1-LICENSE-THIRD-PARTY-MIT-b082cc7f0c-6226d0632e2e.txt	licenses/atomic-waker-1.1.2-LICENSE-THIRD-PARTY-MIT-a3bb2ae02a-6226d0632e2e.txt	6226d0632e2e1a80c23597e964da9812ae193c535fe058154afb034e94167aa5		arch-x86_64,el10-x86_64,fedora44-x86_64,macos-universal,ubuntu-amd64,windows-x64	TARGET_LINKED_RUNTIME	Target compilation-unit owner: mcraw4vulkan -normal:mcraw4vulkan_preflight-> mcraw4vulkan-preflight@0.1.0 -normal:notify_rust-> notify-rust@4.17.0 -normal:futures_lite-> futures-lite@2.6.1. Observed unit contexts: TARGET_LINKED_RUNTIME.		PASS
futures-task	0.3.32	rust-package	https://crates.io/crates/futures-task/0.3.32	MIT OR Apache-2.0	NOT_SELECTED						TARGET_NOT_APPLICABLE		Locked for another target/optional graph but unreachable from production or dev roots on the four audited release targets. License expression verified from locally cached exact crate source futures-task-0.3.32.	PASS
futures-util	0.3.32	rust-package	https://crates.io/crates/futures-util/0.3.32	MIT OR Apache-2.0	NOT_SELECTED						TARGET_NOT_APPLICABLE		Locked for another target/optional graph but unreachable from production or dev roots on the four audited release targets. License expression verified from locally cached exact crate source futures-util-0.3.32.	PASS
getrandom	0.4.3	rust-package	https://crates.io/crates/getrandom/0.4.3	MIT OR Apache-2.0	MIT	licenses/getrandom-0.4.3-LICENSE-MIT-MIT-66f29eaf87-523a42c25d24.txt	licenses/getrandom-0.4.3-LICENSE-MIT-MIT-66f29eaf87-523a42c25d24.txt	523a42c25d245dde9c015f882cec7f4555aad883382a6cf19b4b7d9b2cd5419b		macos-universal	TARGET_LINKED_RUNTIME	Effective target-unit closure from cargo tree --edges normal,no-proc-macro retains this package for exactly: macos-universal. Inactive optional, proc-macro, and build-only edges are excluded.		PASS
gl_generator	0.14.0	rust-package	https://crates.io/crates/gl_generator/0.14.0	Apache-2.0	Apache-2.0	licenses/gl_generator-0.14.0-LICENSE-Apache-2_0-33bdcf7e06-cfc7749b96f6.txt	licenses/gl_generator-0.14.0-LICENSE-Apache-2_0-33bdcf7e06-cfc7749b96f6.txt	cfc7749b96f63bd31c3c42b5c471bf756814053e847c10f3eb003417bc523d30		windows-x64	TARGET_EMBEDDED_GENERATED_MATERIAL	Generated-material proof: glutin_wgl_sys-0.6.1/build.rs produces wgl_bindings.rs;wgl_extra_bindings.rs; target inclusion: glutin_wgl_sys-0.6.1/src/lib.rs include!(OUT_DIR/...); evidence: glutin_wgl_sys build.rs invokes Registry::write_bindings; gl_generator templates and registry-derived output are compiled through include!.		PASS
glow	0.16.0	rust-package	https://crates.io/crates/glow/0.16.0	MIT OR Apache-2.0 OR Zlib	MIT	licenses/glow-0.16.0-LICENSE-MIT-MIT-4e574998aa-cdbd06e25b8c.txt	licenses/glow-0.16.0-LICENSE-MIT-MIT-4e574998aa-cdbd06e25b8c.txt	cdbd06e25b8c9c5d6019949d2de8123f56d29cee4166396423d2ba8c81700845		arch-x86_64,el10-x86_64,fedora44-x86_64,ubuntu-amd64,windows-x64	TARGET_LINKED_RUNTIME	Effective target-unit closure from cargo tree --edges normal,no-proc-macro retains this package for exactly: arch-x86_64,el10-x86_64,fedora44-x86_64,ubuntu-amd64,windows-x64. Inactive optional, proc-macro, and build-only edges are excluded.		PASS
glutin_wgl_sys	0.6.1	rust-package	https://crates.io/crates/glutin_wgl_sys/0.6.1	Apache-2.0	Apache-2.0	licenses/glutin_wgl_sys-0.6.1-LICENSE-Apache-2_0-2a74091902-a44454274400.txt	licenses/glutin_wgl_sys-0.6.1-LICENSE-Apache-2_0-2a74091902-a44454274400.txt	a4445427440043e8ce6fadf7a43fb906cb0d7f6c573a560a9f142cf9f9bf8ff4		windows-x64	TARGET_LINKED_RUNTIME	Target compilation-unit owner: mcraw4vulkan -normal:mcraw4vulkan_display-> mcraw4vulkan-display@0.1.0 -normal:wgpu-> wgpu@24.0.5 -normal:hal-> wgpu-hal@24.0.4 -normal:glutin_wgl_sys-> glutin_wgl_sys@0.6.1. Observed unit contexts: HOST_BUILD_SCRIPT,TARGET_LINKED_RUNTIME.		PASS
gpu-alloc	0.6.2	rust-package	https://crates.io/crates/gpu-alloc/0.6.2	MIT OR Apache-2.0	Apache-2.0	licenses/gpu-alloc-0.6.2-Apache-2.0.txt-Apache-2_0-3ac6882286-074e6e32c86a.txt	licenses/dispatch2-0.3.1-Apache-2.0.txt-Apache-2_0-3ac6882286-074e6e32c86a.txt	074e6e32c86a4c0ef8b3ed25b721ca23aca83df277cd88106ef7177c354615ff		arch-x86_64,el10-x86_64,fedora44-x86_64,macos-universal,ubuntu-amd64,windows-x64	TARGET_LINKED_RUNTIME	Target compilation-unit owner: mcraw4vulkan -normal:mcraw4vulkan_display-> mcraw4vulkan-display@0.1.0 -normal:wgpu-> wgpu@24.0.5 -normal:hal-> wgpu-hal@24.0.4 -normal:gpu_alloc-> gpu-alloc@0.6.2. Observed unit contexts: TARGET_LINKED_RUNTIME.		PASS
gpu-alloc	0.6.2	rust-package	https://crates.io/crates/gpu-alloc/0.6.2	MIT OR Apache-2.0	Apache-2.0	licenses/gpu-alloc-0.6.2-COPYING-NOTICE-e3144c2665-12121dfa5886.txt	licenses/gpu-alloc-0.6.2-COPYING-NOTICE-e3144c2665-12121dfa5886.txt	12121dfa588677007848ab922a45a1e3248868f6ff063598fceb3141d7897314	licenses/gpu-alloc-0.6.2-COPYING-NOTICE-e3144c2665-12121dfa5886.txt	arch-x86_64,el10-x86_64,fedora44-x86_64,macos-universal,ubuntu-amd64,windows-x64	TARGET_LINKED_RUNTIME	Target compilation-unit owner: mcraw4vulkan -normal:mcraw4vulkan_display-> mcraw4vulkan-display@0.1.0 -normal:wgpu-> wgpu@24.0.5 -normal:hal-> wgpu-hal@24.0.4 -normal:gpu_alloc-> gpu-alloc@0.6.2. Observed unit contexts: TARGET_LINKED_RUNTIME.		PASS
gpu-alloc-types	0.3.1	rust-package	https://crates.io/crates/gpu-alloc-types/0.3.1	MIT OR Apache-2.0	Apache-2.0	licenses/gpu-alloc-types-0.3.1-Apache-2.0.txt-Apache-2_0-3ac6882286-074e6e32c86a.txt	licenses/dispatch2-0.3.1-Apache-2.0.txt-Apache-2_0-3ac6882286-074e6e32c86a.txt	074e6e32c86a4c0ef8b3ed25b721ca23aca83df277cd88106ef7177c354615ff		arch-x86_64,el10-x86_64,fedora44-x86_64,macos-universal,ubuntu-amd64,windows-x64	TARGET_LINKED_RUNTIME	Target compilation-unit owner: mcraw4vulkan -normal:mcraw4vulkan_display-> mcraw4vulkan-display@0.1.0 -normal:wgpu-> wgpu@24.0.5 -normal:hal-> wgpu-hal@24.0.4 -normal:gpu_alloc-> gpu-alloc@0.6.2 -normal:gpu_alloc_types-> gpu-alloc-types@0.3.1. Observed unit contexts: TARGET_LINKED_RUNTIME.		PASS
gpu-alloc-types	0.3.1	rust-package	https://crates.io/crates/gpu-alloc-types/0.3.1	MIT OR Apache-2.0	Apache-2.0	licenses/gpu-alloc-types-0.3.1-COPYING-NOTICE-67350e45f0-12121dfa5886.txt	licenses/gpu-alloc-0.6.2-COPYING-NOTICE-e3144c2665-12121dfa5886.txt	12121dfa588677007848ab922a45a1e3248868f6ff063598fceb3141d7897314	licenses/gpu-alloc-0.6.2-COPYING-NOTICE-e3144c2665-12121dfa5886.txt	arch-x86_64,el10-x86_64,fedora44-x86_64,macos-universal,ubuntu-amd64,windows-x64	TARGET_LINKED_RUNTIME	Target compilation-unit owner: mcraw4vulkan -normal:mcraw4vulkan_display-> mcraw4vulkan-display@0.1.0 -normal:wgpu-> wgpu@24.0.5 -normal:hal-> wgpu-hal@24.0.4 -normal:gpu_alloc-> gpu-alloc@0.6.2 -normal:gpu_alloc_types-> gpu-alloc-types@0.3.1. Observed unit contexts: TARGET_LINKED_RUNTIME.		PASS
gpu-descriptor	0.3.2	rust-package	https://crates.io/crates/gpu-descriptor/0.3.2	MIT OR Apache-2.0	Apache-2.0	licenses/gpu-descriptor-0.3.2-COPYING-Apache-2_0-365682360f-f72143f7e9d9.txt	licenses/gpu-descriptor-0.3.2-COPYING-Apache-2_0-365682360f-f72143f7e9d9.txt	f72143f7e9d9fb8bd336b139fa22f825a299591c29f2f7338c5566347b137613		arch-x86_64,el10-x86_64,fedora44-x86_64,macos-universal,ubuntu-amd64,windows-x64	TARGET_LINKED_RUNTIME	Target compilation-unit owner: mcraw4vulkan -normal:mcraw4vulkan_display-> mcraw4vulkan-display@0.1.0 -normal:wgpu-> wgpu@24.0.5 -normal:hal-> wgpu-hal@24.0.4 -normal:gpu_descriptor-> gpu-descriptor@0.3.2. Observed unit contexts: TARGET_LINKED_RUNTIME.		PASS
gpu-descriptor-types	0.2.0	rust-package	https://crates.io/crates/gpu-descriptor-types/0.2.0	MIT OR Apache-2.0	Apache-2.0	licenses/gpu-descriptor-types-0.2.0-COPYING-Apache-2_0-3bc9d214bf-f72143f7e9d9.txt	licenses/gpu-descriptor-0.3.2-COPYING-Apache-2_0-365682360f-f72143f7e9d9.txt	f72143f7e9d9fb8bd336b139fa22f825a299591c29f2f7338c5566347b137613		arch-x86_64,el10-x86_64,fedora44-x86_64,macos-universal,ubuntu-amd64,windows-x64	TARGET_LINKED_RUNTIME	Target compilation-unit owner: mcraw4vulkan -normal:mcraw4vulkan_display-> mcraw4vulkan-display@0.1.0 -normal:wgpu-> wgpu@24.0.5 -normal:hal-> wgpu-hal@24.0.4 -normal:gpu_descriptor-> gpu-descriptor@0.3.2 -normal:gpu_descriptor_types-> gpu-descriptor-types@0.2.0. Observed unit contexts: TARGET_LINKED_RUNTIME.		PASS
hashbrown	0.15.5	rust-package	https://crates.io/crates/hashbrown/0.15.5	MIT OR Apache-2.0	MIT	licenses/hashbrown-0.15.5-LICENSE-MIT-MIT-1c0ece5023-ff8f68cb076c.txt	licenses/hashbrown-0.15.5-LICENSE-MIT-MIT-1c0ece5023-ff8f68cb076c.txt	ff8f68cb076caf8cefe7a6430d4ac086ce6af2ca8ce2c4e5a2004d4552ef52a2		arch-x86_64,el10-x86_64,fedora44-x86_64,macos-universal,ubuntu-amd64,windows-x64	TARGET_LINKED_RUNTIME	Target compilation-unit owner: mcraw4vulkan -normal:mcraw4vulkan_display-> mcraw4vulkan-display@0.1.0 -normal:wgpu-> wgpu@24.0.5 -normal:hal-> wgpu-hal@24.0.4 -normal:gpu_descriptor-> gpu-descriptor@0.3.2 -normal:hashbrown-> hashbrown@0.15.5. Observed unit contexts: TARGET_LINKED_RUNTIME.		PASS
hashbrown	0.17.1	rust-package	https://crates.io/crates/hashbrown/0.17.1	MIT OR Apache-2.0	MIT	licenses/hashbrown-0.17.1-LICENSE-MIT-MIT-8e1014c9cf-ff8f68cb076c.txt	licenses/hashbrown-0.15.5-LICENSE-MIT-MIT-1c0ece5023-ff8f68cb076c.txt	ff8f68cb076caf8cefe7a6430d4ac086ce6af2ca8ce2c4e5a2004d4552ef52a2		arch-x86_64,el10-x86_64,fedora44-x86_64,macos-universal,ubuntu-amd64,windows-x64	TARGET_LINKED_RUNTIME	Target compilation-unit owner: mcraw4vulkan -normal:mcraw4vulkan_display-> mcraw4vulkan-display@0.1.0 -normal:wgpu-> wgpu@24.0.5 -normal:hal-> wgpu-hal@24.0.4 -normal:naga-> naga@24.0.0 -normal:indexmap-> indexmap@2.14.0 -normal:hashbrown-> hashbrown@0.17.1. Observed unit contexts: HOST_BUILD_DEPENDENCY,HOST_PROC_MACRO_SUPPORT,TARGET_LINKED_RUNTIME.		PASS
heck	0.5.0	rust-package	https://crates.io/crates/heck/0.5.0	MIT OR Apache-2.0	NOT_SELECTED						HOST_PROC_MACRO_SUPPORT		Host-only compilation-unit proof: mcraw4vulkan -normal:mcraw4vulkan_display-> mcraw4vulkan-display@0.1.0 -normal:wgpu-> wgpu@24.0.5 -normal:hal-> wgpu-hal@24.0.4 -normal:naga-> naga@24.0.0 -normal:strum-> strum@0.26.3 -normal:strum_macros-> strum_macros@0.26.4 -normal:heck-> heck@0.5.0. No independent target unit or generated-material proof.	PASS
hermit-abi	0.5.2	rust-package	https://crates.io/crates/hermit-abi/0.5.2	MIT OR Apache-2.0	NOT_SELECTED						TARGET_NOT_APPLICABLE		Locked for another target/optional graph but unreachable from production or dev roots on the four audited release targets. License expression verified from locally cached exact crate source hermit-abi-0.5.2.	PASS
hex	0.4.3	rust-package	https://crates.io/crates/hex/0.4.3	MIT OR Apache-2.0	MIT	licenses/hex-0.4.3-LICENSE-MIT-MIT-0b04cc54c0-f7bdb3426d04.txt	licenses/hex-0.4.3-LICENSE-MIT-MIT-0b04cc54c0-f7bdb3426d04.txt	f7bdb3426d045cd50efd4953026e3eb5a83d0199f458a075602611b9344da5b9		arch-x86_64,el10-x86_64,fedora44-x86_64,ubuntu-amd64	TARGET_LINKED_RUNTIME	Target compilation-unit owner: mcraw4vulkan -normal:mcraw4vulkan_preflight-> mcraw4vulkan-preflight@0.1.0 -normal:notify_rust-> notify-rust@4.17.0 -normal:zbus-> zbus@5.19.0 -normal:hex-> hex@0.4.3. Observed unit contexts: TARGET_LINKED_RUNTIME.		PASS
hexf-parse	0.2.1	rust-package	https://crates.io/crates/hexf-parse/0.2.1	CC0-1.0	CC0-1.0	licenses/hexf-parse-0.2.1-CC0-1.0.txt-CC0-1_0-846e6aea5e-a2010f343487.txt	licenses/hexf-parse-0.2.1-CC0-1.0.txt-CC0-1_0-846e6aea5e-a2010f343487.txt	a2010f343487d3f7618affe54f789f5487602331c0a8d03f49e9a7c547cf0499		arch-x86_64,el10-x86_64,fedora44-x86_64,macos-universal,ubuntu-amd64,windows-x64	TARGET_LINKED_RUNTIME	Target compilation-unit owner: mcraw4vulkan -normal:mcraw4vulkan_display-> mcraw4vulkan-display@0.1.0 -normal:wgpu-> wgpu@24.0.5 -normal:hal-> wgpu-hal@24.0.4 -normal:naga-> naga@24.0.0 -normal:hexf_parse-> hexf-parse@0.2.1. Observed unit contexts: TARGET_LINKED_RUNTIME.		PASS
indexmap	2.14.0	rust-package	https://crates.io/crates/indexmap/2.14.0	Apache-2.0 OR MIT	MIT	licenses/indexmap-2.14.0-LICENSE-MIT-MIT-a01eaf0f42-ecc269ef87fd.txt	licenses/indexmap-2.14.0-LICENSE-MIT-MIT-a01eaf0f42-ecc269ef87fd.txt	ecc269ef87fd38a1d98e30bfac9ba964a9dbd9315c3770fed98d4d7cb5882055		arch-x86_64,el10-x86_64,fedora44-x86_64,macos-universal,ubuntu-amd64,windows-x64	TARGET_LINKED_RUNTIME	Target compilation-unit owner: mcraw4vulkan -normal:mcraw4vulkan_display-> mcraw4vulkan-display@0.1.0 -normal:wgpu-> wgpu@24.0.5 -normal:hal-> wgpu-hal@24.0.4 -normal:naga-> naga@24.0.0 -normal:indexmap-> indexmap@2.14.0. Observed unit contexts: HOST_BUILD_DEPENDENCY,HOST_PROC_MACRO_SUPPORT,TARGET_LINKED_RUNTIME.		PASS
itoa	1.0.18	rust-package	https://crates.io/crates/itoa/1.0.18	MIT OR Apache-2.0	MIT	licenses/itoa-1.0.18-LICENSE-MIT-MIT-53a6772532-23f18e03dc49.txt	licenses/adler2-2.0.1-LICENSE-MIT-MIT-ceec63d9fa-23f18e03dc49.txt	23f18e03dc49df91622fe2a76176497404e46ced8a715d9d2b67a7446571cca3		arch-x86_64,el10-x86_64,fedora44-x86_64,macos-universal,ubuntu-amd64,windows-x64	TARGET_LINKED_RUNTIME	Target compilation-unit owner: mcraw4vulkan -normal:mcraw4vulkan_audio-> mcraw4vulkan-audio@0.1.0 -normal:mcraw4vulkan_mcrawcontainer-> mcraw4vulkan-mcrawcontainer@0.1.0 -normal:serde_json-> serde_json@1.0.151 -normal:itoa-> itoa@1.0.18. Observed unit contexts: TARGET_LINKED_RUNTIME.		PASS
jiff	0.2.35	rust-package	https://crates.io/crates/jiff/0.2.35	Unlicense OR MIT	MIT	licenses/jiff-0.2.35-COPYING-NOTICE-e51ef4b4ac-01c266bced4a.txt	licenses/jiff-0.2.35-COPYING-NOTICE-e51ef4b4ac-01c266bced4a.txt	01c266bced4a434da0051174d6bee16a4c82cf634e2679b6155d40d75012390f	licenses/jiff-0.2.35-COPYING-NOTICE-e51ef4b4ac-01c266bced4a.txt	arch-x86_64,el10-x86_64,fedora44-x86_64,macos-universal,ubuntu-amd64,windows-x64	TARGET_LINKED_RUNTIME	Target compilation-unit owner: mcraw4vulkan -normal:mcraw4vulkan_fuse-> mcraw4vulkan-fuse@0.1.0 -normal:jiff-> jiff@0.2.35. Observed unit contexts: TARGET_LINKED_RUNTIME.		PASS
jiff	0.2.35	rust-package	https://crates.io/crates/jiff/0.2.35	Unlicense OR MIT	MIT	licenses/jiff-0.2.35-LICENSE-MIT-MIT-84c2c65344-0f96a83840e1.txt	licenses/jiff-0.2.35-LICENSE-MIT-MIT-84c2c65344-0f96a83840e1.txt	0f96a83840e146e43c0ec96a22ec1f392e0680e6c1226e6f3ba87e0740af850f		arch-x86_64,el10-x86_64,fedora44-x86_64,macos-universal,ubuntu-amd64,windows-x64	TARGET_LINKED_RUNTIME	Target compilation-unit owner: mcraw4vulkan -normal:mcraw4vulkan_fuse-> mcraw4vulkan-fuse@0.1.0 -normal:jiff-> jiff@0.2.35. Observed unit contexts: TARGET_LINKED_RUNTIME.		PASS
jiff-core	0.1.0	rust-package	https://crates.io/crates/jiff-core/0.1.0	Unlicense OR MIT	MIT	licenses/jiff-core-0.1.0-COPYING-NOTICE-1e1dcad8d2-01c266bced4a.txt	licenses/jiff-0.2.35-COPYING-NOTICE-e51ef4b4ac-01c266bced4a.txt	01c266bced4a434da0051174d6bee16a4c82cf634e2679b6155d40d75012390f	licenses/jiff-0.2.35-COPYING-NOTICE-e51ef4b4ac-01c266bced4a.txt	arch-x86_64,el10-x86_64,fedora44-x86_64,macos-universal,ubuntu-amd64,windows-x64	TARGET_LINKED_RUNTIME	Target compilation-unit owner: mcraw4vulkan -normal:mcraw4vulkan_fuse-> mcraw4vulkan-fuse@0.1.0 -normal:jiff-> jiff@0.2.35 -normal:jcore-> jiff-core@0.1.0. Observed unit contexts: HOST_PROC_MACRO_SUPPORT,TARGET_LINKED_RUNTIME.		PASS
jiff-core	0.1.0	rust-package	https://crates.io/crates/jiff-core/0.1.0	Unlicense OR MIT	MIT	licenses/jiff-core-0.1.0-LICENSE-MIT-MIT-6f71cc7795-0f96a83840e1.txt	licenses/jiff-0.2.35-LICENSE-MIT-MIT-84c2c65344-0f96a83840e1.txt	0f96a83840e146e43c0ec96a22ec1f392e0680e6c1226e6f3ba87e0740af850f		arch-x86_64,el10-x86_64,fedora44-x86_64,macos-universal,ubuntu-amd64,windows-x64	TARGET_LINKED_RUNTIME	Target compilation-unit owner: mcraw4vulkan -normal:mcraw4vulkan_fuse-> mcraw4vulkan-fuse@0.1.0 -normal:jiff-> jiff@0.2.35 -normal:jcore-> jiff-core@0.1.0. Observed unit contexts: HOST_PROC_MACRO_SUPPORT,TARGET_LINKED_RUNTIME.		PASS
jiff-static	0.2.35	rust-package	https://crates.io/crates/jiff-static/0.2.35	Unlicense OR MIT	NOT_SELECTED						TARGET_NOT_APPLICABLE		The proc-macro package is locked through Jiff's deliberately impossible cfg(any()) dependency, but the release feature set does not enable static-tz. Stable feature-resolved Cargo trees for all four targets and 547 Linux rustc invocations contain no jiff-static unit, so no generated material enters an artifact.	PASS
jiff-tzdb	0.1.8	rust-package	https://crates.io/crates/jiff-tzdb/0.1.8	Unlicense OR MIT	MIT	licenses/jiff-tzdb-0.1.8-COPYING-NOTICE-0036e6f1fc-01c266bced4a.txt	licenses/jiff-0.2.35-COPYING-NOTICE-e51ef4b4ac-01c266bced4a.txt	01c266bced4a434da0051174d6bee16a4c82cf634e2679b6155d40d75012390f	licenses/jiff-0.2.35-COPYING-NOTICE-e51ef4b4ac-01c266bced4a.txt	windows-x64	TARGET_LINKED_RUNTIME	Target compilation-unit owner: mcraw4vulkan -normal:mcraw4vulkan_fuse-> mcraw4vulkan-fuse@0.1.0 -normal:jiff-> jiff@0.2.35 -normal:jiff_tzdb_platform-> jiff-tzdb-platform@0.1.3 -normal:jiff_tzdb-> jiff-tzdb@0.1.8. Observed unit contexts: TARGET_LINKED_RUNTIME.		PASS
jiff-tzdb	0.1.8	rust-package	https://crates.io/crates/jiff-tzdb/0.1.8	Unlicense OR MIT	MIT	licenses/jiff-tzdb-0.1.8-LICENSE-MIT-MIT-c1634fc429-0f96a83840e1.txt	licenses/jiff-0.2.35-LICENSE-MIT-MIT-84c2c65344-0f96a83840e1.txt	0f96a83840e146e43c0ec96a22ec1f392e0680e6c1226e6f3ba87e0740af850f		windows-x64	TARGET_LINKED_RUNTIME	Target compilation-unit owner: mcraw4vulkan -normal:mcraw4vulkan_fuse-> mcraw4vulkan-fuse@0.1.0 -normal:jiff-> jiff@0.2.35 -normal:jiff_tzdb_platform-> jiff-tzdb-platform@0.1.3 -normal:jiff_tzdb-> jiff-tzdb@0.1.8. Observed unit contexts: TARGET_LINKED_RUNTIME.		PASS
jiff-tzdb-platform	0.1.3	rust-package	https://crates.io/crates/jiff-tzdb-platform/0.1.3	Unlicense OR MIT	MIT	licenses/jiff-tzdb-platform-0.1.3-COPYING-NOTICE-6a4f319254-01c266bced4a.txt	licenses/jiff-0.2.35-COPYING-NOTICE-e51ef4b4ac-01c266bced4a.txt	01c266bced4a434da0051174d6bee16a4c82cf634e2679b6155d40d75012390f	licenses/jiff-0.2.35-COPYING-NOTICE-e51ef4b4ac-01c266bced4a.txt	windows-x64	TARGET_LINKED_RUNTIME	Target compilation-unit owner: mcraw4vulkan -normal:mcraw4vulkan_fuse-> mcraw4vulkan-fuse@0.1.0 -normal:jiff-> jiff@0.2.35 -normal:jiff_tzdb_platform-> jiff-tzdb-platform@0.1.3. Observed unit contexts: TARGET_LINKED_RUNTIME.		PASS
jiff-tzdb-platform	0.1.3	rust-package	https://crates.io/crates/jiff-tzdb-platform/0.1.3	Unlicense OR MIT	MIT	licenses/jiff-tzdb-platform-0.1.3-LICENSE-MIT-MIT-9e2522b5da-0f96a83840e1.txt	licenses/jiff-0.2.35-LICENSE-MIT-MIT-84c2c65344-0f96a83840e1.txt	0f96a83840e146e43c0ec96a22ec1f392e0680e6c1226e6f3ba87e0740af850f		windows-x64	TARGET_LINKED_RUNTIME	Target compilation-unit owner: mcraw4vulkan -normal:mcraw4vulkan_fuse-> mcraw4vulkan-fuse@0.1.0 -normal:jiff-> jiff@0.2.35 -normal:jiff_tzdb_platform-> jiff-tzdb-platform@0.1.3. Observed unit contexts: TARGET_LINKED_RUNTIME.		PASS
jni-sys	0.3.1	rust-package	https://crates.io/crates/jni-sys/0.3.1	MIT OR Apache-2.0	NOT_SELECTED						TARGET_NOT_APPLICABLE		Locked for another target/optional graph but unreachable from production or dev roots on the four audited release targets. License expression verified from locally cached exact crate source jni-sys-0.3.1.	PASS
jni-sys	0.4.1	rust-package	https://crates.io/crates/jni-sys/0.4.1	MIT OR Apache-2.0	NOT_SELECTED						TARGET_NOT_APPLICABLE		Locked for another target/optional graph but unreachable from production or dev roots on the four audited release targets. License expression verified from locally cached exact crate source jni-sys-0.4.1.	PASS
jni-sys-macros	0.4.1	rust-package	https://crates.io/crates/jni-sys-macros/0.4.1	MIT OR Apache-2.0	NOT_SELECTED						TARGET_NOT_APPLICABLE		Locked for another target/optional graph but unreachable from production or dev roots on the four audited release targets. License expression verified from locally cached exact crate source jni-sys-macros-0.4.1.	PASS
js-sys	0.3.103	rust-package	https://crates.io/crates/js-sys/0.3.103	MIT OR Apache-2.0	NOT_SELECTED						TARGET_NOT_APPLICABLE		Locked for another target/optional graph but unreachable from production or dev roots on the four audited release targets. License expression verified from locally cached exact crates.io archive js-sys-0.3.103.crate.	PASS
khronos-egl	6.0.0	rust-package	https://crates.io/crates/khronos-egl/6.0.0	MIT/Apache-2.0	MIT	licenses/khronos-egl-6.0.0-LICENSE-MIT-MIT-b238111921-23f18e03dc49.txt	licenses/adler2-2.0.1-LICENSE-MIT-MIT-ceec63d9fa-23f18e03dc49.txt	23f18e03dc49df91622fe2a76176497404e46ced8a715d9d2b67a7446571cca3		arch-x86_64,el10-x86_64,fedora44-x86_64,ubuntu-amd64,windows-x64	TARGET_LINKED_RUNTIME	Effective target-unit closure from cargo tree --edges normal,no-proc-macro retains this package for exactly: arch-x86_64,el10-x86_64,fedora44-x86_64,ubuntu-amd64,windows-x64. Inactive optional, proc-macro, and build-only edges are excluded.		PASS
khronos_api	3.1.0	rust-package	https://crates.io/crates/khronos_api/3.1.0	Apache-2.0	Apache-2.0	licenses/khronos_api-3.1.0-LICENSE-Apache-2_0-33bdcf7e06-cfc7749b96f6.txt	licenses/gl_generator-0.14.0-LICENSE-Apache-2_0-33bdcf7e06-cfc7749b96f6.txt	cfc7749b96f63bd31c3c42b5c471bf756814053e847c10f3eb003417bc523d30		windows-x64	TARGET_EMBEDDED_GENERATED_MATERIAL	Generated-material proof: khronos_api-3.1.0/src/lib.rs;glutin_wgl_sys-0.6.1/build.rs produces Khronos WGL XML registry data; target inclusion: gl_generator Registry emits wgl_bindings.rs and wgl_extra_bindings.rs included by glutin_wgl_sys; evidence: khronos_api exposes WGL_XML via include_bytes!; gl_generator parses it and generates target bindings.		PASS
lazy_static	1.5.0	rust-package	https://crates.io/crates/lazy_static/1.5.0	MIT OR Apache-2.0	MIT	licenses/lazy_static-1.5.0-LICENSE-MIT-MIT-190f88e99b-0621878e61f0.txt	licenses/lazy_static-1.5.0-LICENSE-MIT-MIT-190f88e99b-0621878e61f0.txt	0621878e61f0d0fda054bcbe02df75192c28bde1ecc8289cbd86aeba2dd72720		arch-x86_64,el10-x86_64,fedora44-x86_64,macos-universal,ubuntu-amd64,windows-x64	TARGET_LINKED_RUNTIME	Target compilation-unit owner: mcraw4vulkan -normal:mcraw4vulkan_display_sound-> mcraw4vulkan-display-sound@0.1.0 -normal:sdl2-> sdl2@0.38.0 -normal:lazy_static-> lazy_static@1.5.0. Observed unit contexts: TARGET_LINKED_RUNTIME.		PASS
libc	0.2.189	rust-package	https://crates.io/crates/libc/0.2.189	MIT OR Apache-2.0	MIT	licenses/libc-0.2.189-LICENSE-MIT-MIT-127e753e47-123a331b5dbf.txt	licenses/libc-0.2.189-LICENSE-MIT-MIT-127e753e47-123a331b5dbf.txt	123a331b5dbf04c30097fa43b8f858bc85df671fe776de498d01f3d6b7c1f69e		arch-x86_64,el10-x86_64,fedora44-x86_64,macos-universal,ubuntu-amd64,windows-x64	TARGET_LINKED_RUNTIME	Target compilation-unit owner: mcraw4vulkan -normal:mcraw4vulkan_display-> mcraw4vulkan-display@0.1.0 -normal:wgpu-> wgpu@24.0.5 -normal:hal-> wgpu-hal@24.0.4 -normal:khronos_egl-> khronos-egl@6.0.0 -normal:libc-> libc@0.2.189. Observed unit contexts: HOST_BUILD_SCRIPT,TARGET_LINKED_RUNTIME.		PASS
libloading	0.8.9	rust-package	https://crates.io/crates/libloading/0.8.9	ISC	ISC	licenses/libloading-0.8.9-LICENSE-ISC-6d748c2e10-b29f8b014523.txt	licenses/libloading-0.8.9-LICENSE-ISC-6d748c2e10-b29f8b014523.txt	b29f8b01452350c20dd1af16ef83b598fea3053578ccc1c7a0ef40e57be2620f		arch-x86_64,el10-x86_64,fedora44-x86_64,macos-universal,ubuntu-amd64,windows-x64	TARGET_LINKED_RUNTIME	Target compilation-unit owner: mcraw4vulkan -normal:mcraw4vulkan_display-> mcraw4vulkan-display@0.1.0 -normal:wgpu-> wgpu@24.0.5 -normal:hal-> wgpu-hal@24.0.4 -normal:ash-> ash@0.38.0+1.3.281 -normal:libloading-> libloading@0.8.9. Observed unit contexts: TARGET_LINKED_RUNTIME.		PASS
linux-raw-sys	0.12.1	rust-package	https://crates.io/crates/linux-raw-sys/0.12.1	Apache-2.0 WITH LLVM-exception OR Apache-2.0 OR MIT	MIT	licenses/linux-raw-sys-0.12.1-LICENSE-MIT-MIT-40ea016809-23f18e03dc49.txt	licenses/adler2-2.0.1-LICENSE-MIT-MIT-ceec63d9fa-23f18e03dc49.txt	23f18e03dc49df91622fe2a76176497404e46ced8a715d9d2b67a7446571cca3		arch-x86_64,el10-x86_64,fedora44-x86_64,ubuntu-amd64	TARGET_LINKED_RUNTIME	Target compilation-unit owner: mcraw4vulkan -normal:mcraw4vulkan_preflight-> mcraw4vulkan-preflight@0.1.0 -normal:notify_rust-> notify-rust@4.17.0 -normal:zbus-> zbus@5.19.0 -normal:async_io-> async-io@2.6.0 -normal:polling-> polling@3.11.0 -normal:rustix-> rustix@1.1.4 -normal:linux_raw_sys-> linux-raw-sys@0.12.1. Observed unit contexts: TARGET_LINKED_RUNTIME.		PASS
litrs	1.0.0	rust-package	https://crates.io/crates/litrs/1.0.0	MIT OR Apache-2.0	NOT_SELECTED						HOST_PROC_MACRO_SUPPORT		Host-only compilation-unit proof: mcraw4vulkan -normal:mcraw4vulkan_display-> mcraw4vulkan-display@0.1.0 -normal:wgpu-> wgpu@24.0.5 -normal:document_features-> document-features@0.2.12 -normal:litrs-> litrs@1.0.0. No independent target unit or generated-material proof.	PASS
lock_api	0.4.14	rust-package	https://crates.io/crates/lock_api/0.4.14	MIT OR Apache-2.0	MIT	licenses/lock_api-0.4.14-LICENSE-MIT-MIT-e11af46c0a-c9a75f18b9ab.txt	licenses/lock_api-0.4.14-LICENSE-MIT-MIT-e11af46c0a-c9a75f18b9ab.txt	c9a75f18b9ab2927829a208fc6aa2cf4e63b8420887ba29cdb265d6619ae82d5		arch-x86_64,el10-x86_64,fedora44-x86_64,macos-universal,ubuntu-amd64,windows-x64	TARGET_LINKED_RUNTIME	Target compilation-unit owner: mcraw4vulkan -normal:mcraw4vulkan_display-> mcraw4vulkan-display@0.1.0 -normal:wgpu-> wgpu@24.0.5 -normal:hal-> wgpu-hal@24.0.4 -normal:parking_lot-> parking_lot@0.12.5 -normal:lock_api-> lock_api@0.4.14. Observed unit contexts: TARGET_LINKED_RUNTIME.		PASS
log	0.4.33	rust-package	https://crates.io/crates/log/0.4.33	MIT OR Apache-2.0	MIT	licenses/log-0.4.33-LICENSE-MIT-MIT-36fb3a8194-6485b8ed310d.txt	licenses/bitflags-1.3.2-LICENSE-MIT-MIT-76a9400ff4-6485b8ed310d.txt	6485b8ed310d3f0340bf1ad1f47645069ce4069dcc6bb46c7d5c6faf41de1fdb		arch-x86_64,el10-x86_64,fedora44-x86_64,macos-universal,ubuntu-amd64,windows-x64	TARGET_LINKED_RUNTIME	Target compilation-unit owner: mcraw4vulkan -normal:mcraw4vulkan_display-> mcraw4vulkan-display@0.1.0 -normal:wgpu-> wgpu@24.0.5 -normal:hal-> wgpu-hal@24.0.4 -normal:log-> log@0.4.33. Observed unit contexts: HOST_BUILD_DEPENDENCY,TARGET_LINKED_RUNTIME.		PASS
mac-notification-sys	0.6.15	rust-package	https://crates.io/crates/mac-notification-sys/0.6.15	MIT/Apache-2.0	MIT	licenses/mac-notification-sys-0.6.15-LICENSE-MIT-MIT-5ddc48521d-1299b4d9d15e.txt	licenses/mac-notification-sys-0.6.15-LICENSE-MIT-MIT-5ddc48521d-1299b4d9d15e.txt	1299b4d9d15e9d67e4ac0e7d47ae9404887ca3cf0764aadeec7588d5a6e8e0cc		macos-universal	TARGET_LINKED_RUNTIME	Target compilation-unit owner: mcraw4vulkan -normal:mcraw4vulkan_preflight-> mcraw4vulkan-preflight@0.1.0 -normal:notify_rust-> notify-rust@4.17.0 -normal:mac_notification_sys-> mac-notification-sys@0.6.15. Observed unit contexts: HOST_BUILD_SCRIPT,TARGET_LINKED_RUNTIME.		PASS
macFUSE-libfuse	EXTERNAL	native-component	https://osxfuse.github.io/	NOT_DISTRIBUTED	NOT_APPLICABLE					macos-universal	SYSTEM_OR_PACKAGE_MANAGER_DEPENDENCY_NOT_DISTRIBUTED	External /usr/local/lib/libfuse.2.dylib load relationship only; no macFUSE or libfuse binary occurs in the app, extracted PKG, or mounted DMG		PASS
malloc_buf	0.0.6	rust-package	https://crates.io/crates/malloc_buf/0.0.6	MIT	MIT	licenses/malloc_buf-0.0.6-LICENSE-MIT-d9a3e53964-aced7b57e474.txt	licenses/malloc_buf-0.0.6-LICENSE-MIT-d9a3e53964-aced7b57e474.txt	aced7b57e474a63edb5a724954222bf7659c01ceef0e648a03af799582991db7		macos-universal	TARGET_LINKED_RUNTIME	Target compilation-unit owner: mcraw4vulkan -normal:mcraw4vulkan_display-> mcraw4vulkan-display@0.1.0 -normal:wgpu-> wgpu@24.0.5 -normal:hal-> wgpu-hal@24.0.4 -normal:metal-> metal@0.31.0 -normal:objc-> objc@0.2.7 -normal:malloc_buf-> malloc_buf@0.0.6. Observed unit contexts: TARGET_LINKED_RUNTIME. Legal text source: https://github.com/SSheldon/malloc_buf/blob/master/LICENSE at revision d9a3e539642bd90e07df458d226b19cdfa606863; exact upstream bytes.		PASS
memchr	2.8.3	rust-package	https://crates.io/crates/memchr/2.8.3	Unlicense OR MIT	MIT	licenses/memchr-2.8.3-COPYING-NOTICE-d7b876a5c6-01c266bced4a.txt	licenses/jiff-0.2.35-COPYING-NOTICE-e51ef4b4ac-01c266bced4a.txt	01c266bced4a434da0051174d6bee16a4c82cf634e2679b6155d40d75012390f	licenses/jiff-0.2.35-COPYING-NOTICE-e51ef4b4ac-01c266bced4a.txt	arch-x86_64,el10-x86_64,fedora44-x86_64,macos-universal,ubuntu-amd64,windows-x64	TARGET_LINKED_RUNTIME	Target compilation-unit owner: mcraw4vulkan -normal:mcraw4vulkan_audio-> mcraw4vulkan-audio@0.1.0 -normal:mcraw4vulkan_mcrawcontainer-> mcraw4vulkan-mcrawcontainer@0.1.0 -normal:serde_json-> serde_json@1.0.151 -normal:memchr-> memchr@2.8.3. Observed unit contexts: HOST_BUILD_DEPENDENCY,HOST_PROC_MACRO_SUPPORT,TARGET_LINKED_RUNTIME.		PASS
memchr	2.8.3	rust-package	https://crates.io/crates/memchr/2.8.3	Unlicense OR MIT	MIT	licenses/memchr-2.8.3-LICENSE-MIT-MIT-cd599a8389-0f96a83840e1.txt	licenses/jiff-0.2.35-LICENSE-MIT-MIT-84c2c65344-0f96a83840e1.txt	0f96a83840e146e43c0ec96a22ec1f392e0680e6c1226e6f3ba87e0740af850f		arch-x86_64,el10-x86_64,fedora44-x86_64,macos-universal,ubuntu-amd64,windows-x64	TARGET_LINKED_RUNTIME	Target compilation-unit owner: mcraw4vulkan -normal:mcraw4vulkan_audio-> mcraw4vulkan-audio@0.1.0 -normal:mcraw4vulkan_mcrawcontainer-> mcraw4vulkan-mcrawcontainer@0.1.0 -normal:serde_json-> serde_json@1.0.151 -normal:memchr-> memchr@2.8.3. Observed unit contexts: HOST_BUILD_DEPENDENCY,HOST_PROC_MACRO_SUPPORT,TARGET_LINKED_RUNTIME.		PASS
memoffset	0.9.1	rust-package	https://crates.io/crates/memoffset/0.9.1	MIT	MIT	licenses/memoffset-0.9.1-LICENSE-MIT-6c053684d4-3234ac558162.txt	licenses/memoffset-0.9.1-LICENSE-MIT-6c053684d4-3234ac558162.txt	3234ac55816264ee7b6c7ee27efd61cf0a1fe775806870e3d9b4c41ea73c5cb1		arch-x86_64,el10-x86_64,fedora44-x86_64,macos-universal,ubuntu-amd64	TARGET_LINKED_RUNTIME	Target compilation-unit owner: mcraw4vulkan -normal:mcraw4vulkan_fuse-> mcraw4vulkan-fuse@0.1.0 -normal:fuser-> fuser@0.17.0 -normal:nix-> nix@0.30.1 -normal:memoffset-> memoffset@0.9.1. Observed unit contexts: HOST_BUILD_SCRIPT,TARGET_LINKED_RUNTIME.		PASS
metal	0.31.0	rust-package	https://crates.io/crates/metal/0.31.0	MIT OR Apache-2.0	MIT	licenses/metal-0.31.0-LICENSE-MIT-MIT-1cd60199b0-0621878e61f0.txt	licenses/lazy_static-1.5.0-LICENSE-MIT-MIT-190f88e99b-0621878e61f0.txt	0621878e61f0d0fda054bcbe02df75192c28bde1ecc8289cbd86aeba2dd72720		macos-universal	TARGET_LINKED_RUNTIME	Target compilation-unit owner: mcraw4vulkan -normal:mcraw4vulkan_display-> mcraw4vulkan-display@0.1.0 -normal:wgpu-> wgpu@24.0.5 -normal:hal-> wgpu-hal@24.0.4 -normal:metal-> metal@0.31.0. Observed unit contexts: TARGET_LINKED_RUNTIME.		PASS
miniz_oxide	0.8.9	rust-package	https://crates.io/crates/miniz_oxide/0.8.9	MIT OR Zlib OR Apache-2.0	MIT	licenses/miniz_oxide-0.8.9-LICENSE-MIT-21d38f3e54-4108245a1f2d.txt	licenses/miniz_oxide-0.8.9-LICENSE-MIT-21d38f3e54-4108245a1f2d.txt	4108245a1f2df9d4e94df8abed5b4ba0759bb2f9b40a6b939f1be141077ae50b		arch-x86_64,el10-x86_64,fedora44-x86_64,macos-universal,ubuntu-amd64,windows-x64	TARGET_LINKED_RUNTIME	Target compilation-unit owner: mcraw4vulkan-gui -normal:png-> png@0.18.1 -normal:flate2-> flate2@1.1.9 -normal:miniz_oxide-> miniz_oxide@0.8.9. Observed unit contexts: TARGET_LINKED_RUNTIME.		PASS
miniz_oxide	0.8.9	rust-package	https://crates.io/crates/miniz_oxide/0.8.9	MIT OR Zlib OR Apache-2.0	MIT	licenses/miniz_oxide-0.8.9-LICENSE-MIT.md-MIT-4c61226480-799e9ca9d179.txt	licenses/miniz_oxide-0.8.9-LICENSE-MIT.md-MIT-4c61226480-799e9ca9d179.txt	799e9ca9d179295ef372f25d3769cdda7d25bb2668add6a6a1e22d1e4c678b8d		arch-x86_64,el10-x86_64,fedora44-x86_64,macos-universal,ubuntu-amd64,windows-x64	TARGET_LINKED_RUNTIME	Target compilation-unit owner: mcraw4vulkan-gui -normal:png-> png@0.18.1 -normal:flate2-> flate2@1.1.9 -normal:miniz_oxide-> miniz_oxide@0.8.9. Observed unit contexts: TARGET_LINKED_RUNTIME.		PASS
MoltenVK	1.4.1	native-component	https://github.com/KhronosGroup/MoltenVK	Apache-2.0	Apache-2.0	licenses/gl_generator-0.14.0-LICENSE-Apache-2_0-33bdcf7e06-cfc7749b96f6.txt	licenses/gl_generator-0.14.0-LICENSE-Apache-2_0-33bdcf7e06-cfc7749b96f6.txt	cfc7749b96f63bd31c3c42b5c471bf756814053e847c10f3eb003417bc523d30		macos-universal	BUNDLED_DYNAMIC_LIBRARY_AND_DATA	Vulkan SDK 1.4.350.1; arm64,x86_64 packaged dylib SHA-256 eeff13a38d1370d79530df598a07ecdb2382d385d26eabef13a52fd3b7d7be23; source dylib SHA-256 02af7dfaa962b84f78f07510fb26fb63633de50ca15d62f4d8504489a455bb66; packaged MoltenVK_icd.json SHA-256 7592dbee06139ffd105feb5a4e442babeec882da5c345565460aa3feb9e6d522 Legal text source: https://github.com/KhronosGroup/MoltenVK/blob/main/LICENSE at revision 1484e7f8f85a0564c4162d8e668907d5fca5b109; exact upstream bytes reused by hash.		PASS
naga	24.0.0	rust-package	https://crates.io/crates/naga/24.0.0	MIT OR Apache-2.0	MIT	licenses/naga-24.0.0-LICENSE.MIT-MIT-5df44094fa-c7fea58d1cfe.txt	licenses/naga-24.0.0-LICENSE.MIT-MIT-5df44094fa-c7fea58d1cfe.txt	c7fea58d1cfe49634cd92e54fc10a9d871f4b275321a4cd8c09e449122caaeb4		arch-x86_64,el10-x86_64,fedora44-x86_64,macos-universal,ubuntu-amd64,windows-x64	TARGET_LINKED_RUNTIME	Target compilation-unit owner: mcraw4vulkan -normal:mcraw4vulkan_display-> mcraw4vulkan-display@0.1.0 -normal:wgpu-> wgpu@24.0.5 -normal:hal-> wgpu-hal@24.0.4 -normal:naga-> naga@24.0.0. Observed unit contexts: HOST_BUILD_SCRIPT,TARGET_LINKED_RUNTIME.		PASS
ndk-sys	0.5.0+25.2.9519653	rust-package	https://crates.io/crates/ndk-sys/0.5.0+25.2.9519653	MIT OR Apache-2.0	NOT_SELECTED						TARGET_NOT_APPLICABLE		Locked for another target/optional graph but unreachable from production or dev roots on the four audited release targets. License expression verified from locally cached exact crate source ndk-sys-0.5.0+25.2.9519653.	PASS
nix	0.30.1	rust-package	https://crates.io/crates/nix/0.30.1	MIT	MIT	licenses/nix-0.30.1-LICENSE-MIT-8aca0c9167-66e3ee1fa7f9.txt	licenses/nix-0.30.1-LICENSE-MIT-8aca0c9167-66e3ee1fa7f9.txt	66e3ee1fa7f909ad3c612d556f2a0cdabcd809ad6e66f3b0605015ac64841b70		arch-x86_64,el10-x86_64,fedora44-x86_64,macos-universal,ubuntu-amd64	TARGET_LINKED_RUNTIME	Target compilation-unit owner: mcraw4vulkan -normal:mcraw4vulkan_fuse-> mcraw4vulkan-fuse@0.1.0 -normal:fuser-> fuser@0.17.0 -normal:nix-> nix@0.30.1. Observed unit contexts: HOST_BUILD_SCRIPT,TARGET_LINKED_RUNTIME.		PASS
nohash-hasher	0.2.0	rust-package	https://crates.io/crates/nohash-hasher/0.2.0	Apache-2.0 OR MIT	MIT	licenses/nohash-hasher-0.2.0-LICENSE-MIT-MIT-d9dc948a91-ec353d4fecf7.txt	licenses/nohash-hasher-0.2.0-LICENSE-MIT-MIT-d9dc948a91-ec353d4fecf7.txt	ec353d4fecf7963b4c054384557e5dbc3c7a717997eb4a3815b315721a6aa75a		arch-x86_64,el10-x86_64,fedora44-x86_64,macos-universal,ubuntu-amd64,windows-x64	TARGET_LINKED_RUNTIME	Target compilation-unit owner: mcraw4vulkan-gui -normal:egui-> egui@0.31.1 -normal:epaint-> epaint@0.31.1 -normal:nohash_hasher-> nohash-hasher@0.2.0. Observed unit contexts: TARGET_LINKED_RUNTIME.		PASS
notify-rust	4.17.0	rust-package	https://crates.io/crates/notify-rust/4.17.0	MIT/Apache-2.0	MIT	licenses/notify-rust-4.17.0-LICENSE-MIT-MIT-9bee4d012b-d848c165548b.txt	licenses/notify-rust-4.17.0-LICENSE-MIT-MIT-9bee4d012b-d848c165548b.txt	d848c165548bd3f33419b71c3c3bb7cacec620d93383483393410688cba68431		arch-x86_64,el10-x86_64,fedora44-x86_64,macos-universal,ubuntu-amd64,windows-x64	TARGET_LINKED_RUNTIME	Target compilation-unit owner: mcraw4vulkan -normal:mcraw4vulkan_preflight-> mcraw4vulkan-preflight@0.1.0 -normal:notify_rust-> notify-rust@4.17.0. Observed unit contexts: TARGET_LINKED_RUNTIME.		PASS
nu-ansi-term	0.50.3	rust-package	https://crates.io/crates/nu-ansi-term/0.50.3	MIT	MIT	licenses/nu-ansi-term-0.50.3-LICENSE-MIT-c39a33a106-284465860407.txt	licenses/nu-ansi-term-0.50.3-LICENSE-MIT-c39a33a106-284465860407.txt	284465860407420254e39be4e1bdcaaf2e7f2d18e06f9bab75bc75341a5d8501		arch-x86_64,el10-x86_64,fedora44-x86_64,macos-universal,ubuntu-amd64,windows-x64	TARGET_LINKED_RUNTIME	Target compilation-unit owner: mcraw4vulkan -normal:tracing_subscriber-> tracing-subscriber@0.3.23 -normal:nu_ansi_term-> nu-ansi-term@0.50.3. Observed unit contexts: TARGET_LINKED_RUNTIME.		PASS
num-conv	0.1.0	rust-package	https://crates.io/crates/num-conv/0.1.0	MIT OR Apache-2.0	MIT	licenses/num-conv-0.1.0-LICENSE-MIT-MIT-5fc5ae1c7c-af85fff507d8.txt	licenses/num-conv-0.1.0-LICENSE-MIT-MIT-5fc5ae1c7c-af85fff507d8.txt	af85fff507d80e6c7ff242acfc4b0a7f5de9a72286bb3c883c782772ca4b4402		macos-universal	TARGET_LINKED_RUNTIME	Target compilation-unit owner: mcraw4vulkan -normal:mcraw4vulkan_preflight-> mcraw4vulkan-preflight@0.1.0 -normal:notify_rust-> notify-rust@4.17.0 -normal:mac_notification_sys-> mac-notification-sys@0.6.15 -normal:time-> time@0.3.45 -normal:num_conv-> num-conv@0.1.0. Observed unit contexts: TARGET_LINKED_RUNTIME.		PASS
num-traits	0.2.19	rust-package	https://crates.io/crates/num-traits/0.2.19	MIT OR Apache-2.0	MIT	licenses/num-traits-0.2.19-LICENSE-MIT-MIT-1af684b9b7-6485b8ed310d.txt	licenses/bitflags-1.3.2-LICENSE-MIT-MIT-76a9400ff4-6485b8ed310d.txt	6485b8ed310d3f0340bf1ad1f47645069ce4069dcc6bb46c7d5c6faf41de1fdb		arch-x86_64,el10-x86_64,fedora44-x86_64,macos-universal,ubuntu-amd64,windows-x64	TARGET_LINKED_RUNTIME	Target compilation-unit owner: mcraw4vulkan -normal:mcraw4vulkan_display-> mcraw4vulkan-display@0.1.0 -normal:wgpu-> wgpu@24.0.5 -normal:hal-> wgpu-hal@24.0.4 -normal:ordered_float-> ordered-float@4.6.0 -normal:num_traits-> num-traits@0.2.19. Observed unit contexts: HOST_BUILD_SCRIPT,TARGET_LINKED_RUNTIME.		PASS
num_enum	0.7.6	rust-package	https://crates.io/crates/num_enum/0.7.6	BSD-3-Clause OR MIT OR Apache-2.0	MIT	licenses/num_enum-0.7.6-LICENSE-MIT-MIT-8a3f771207-23f18e03dc49.txt	licenses/adler2-2.0.1-LICENSE-MIT-MIT-ceec63d9fa-23f18e03dc49.txt	23f18e03dc49df91622fe2a76176497404e46ced8a715d9d2b67a7446571cca3		arch-x86_64,el10-x86_64,fedora44-x86_64,macos-universal,ubuntu-amd64	TARGET_LINKED_RUNTIME	Target compilation-unit owner: mcraw4vulkan -normal:mcraw4vulkan_fuse-> mcraw4vulkan-fuse@0.1.0 -normal:fuser-> fuser@0.17.0 -normal:num_enum-> num_enum@0.7.6. Observed unit contexts: TARGET_LINKED_RUNTIME.		PASS
num_enum_derive	0.7.6	rust-package	https://crates.io/crates/num_enum_derive/0.7.6	BSD-3-Clause OR MIT OR Apache-2.0	NOT_SELECTED						HOST_PROC_MACRO		Host-only compilation-unit proof: mcraw4vulkan -normal:mcraw4vulkan_fuse-> mcraw4vulkan-fuse@0.1.0 -normal:fuser-> fuser@0.17.0 -normal:num_enum-> num_enum@0.7.6 -normal:num_enum_derive-> num_enum_derive@0.7.6. No independent target unit or generated-material proof.	PASS
objc	0.2.7	rust-package	https://crates.io/crates/objc/0.2.7	MIT	MIT	licenses/objc-0.2.7-LICENSE.txt-MIT-d355852ee1-e353f37b12ae.txt	licenses/objc-0.2.7-LICENSE.txt-MIT-d355852ee1-e353f37b12ae.txt	e353f37b12aefbb9f9b29490e837cfee05d9bda70804b3562839a3285c1df1e5		macos-universal	TARGET_LINKED_RUNTIME	Target compilation-unit owner: mcraw4vulkan -normal:mcraw4vulkan_display-> mcraw4vulkan-display@0.1.0 -normal:wgpu-> wgpu@24.0.5 -normal:hal-> wgpu-hal@24.0.4 -normal:metal-> metal@0.31.0 -normal:objc-> objc@0.2.7. Observed unit contexts: TARGET_LINKED_RUNTIME.		PASS
objc2	0.6.4	rust-package	https://crates.io/crates/objc2/0.6.4	MIT	MIT	licenses/block2-0.6.2-LICENSE-MIT.txt-MIT-94bb7d7ede-f6a2e783669a.txt	licenses/block2-0.6.2-LICENSE-MIT.txt-MIT-94bb7d7ede-f6a2e783669a.txt	f6a2e783669a0dd7a2c3b8a4f76db40ae49033e66e1bdc30f3aa25fe5577b070		macos-universal	TARGET_LINKED_RUNTIME	Target compilation-unit owner: mcraw4vulkan -normal:mcraw4vulkan_preflight-> mcraw4vulkan-preflight@0.1.0 -normal:notify_rust-> notify-rust@4.17.0 -normal:mac_notification_sys-> mac-notification-sys@0.6.15 -normal:objc2-> objc2@0.6.4. Observed unit contexts: HOST_BUILD_SCRIPT,TARGET_LINKED_RUNTIME. Legal text source: https://github.com/madsmtm/objc2/blob/main/LICENSE-MIT.txt at revision 94bb7d7ede901aaf483fa73bb67d58b462911652; exact upstream bytes.		PASS
objc2-core-foundation	0.3.2	rust-package	https://crates.io/crates/objc2-core-foundation/0.3.2	Zlib OR Apache-2.0 OR MIT	MIT	licenses/block2-0.6.2-LICENSE-MIT.txt-MIT-94bb7d7ede-f6a2e783669a.txt	licenses/block2-0.6.2-LICENSE-MIT.txt-MIT-94bb7d7ede-f6a2e783669a.txt	f6a2e783669a0dd7a2c3b8a4f76db40ae49033e66e1bdc30f3aa25fe5577b070		macos-universal	TARGET_LINKED_RUNTIME	Target compilation-unit owner: mcraw4vulkan -normal:mcraw4vulkan_preflight-> mcraw4vulkan-preflight@0.1.0 -normal:notify_rust-> notify-rust@4.17.0 -normal:mac_notification_sys-> mac-notification-sys@0.6.15 -normal:objc2_foundation-> objc2-foundation@0.3.2 -normal:objc2_core_foundation-> objc2-core-foundation@0.3.2. Observed unit contexts: TARGET_LINKED_RUNTIME. Legal text source: https://github.com/madsmtm/objc2/blob/main/LICENSE-MIT.txt at revision 94bb7d7ede901aaf483fa73bb67d58b462911652; developer-selected MIT branch; exact upstream bytes.		PASS
objc2-core-foundation	0.3.2	rust-package	https://crates.io/crates/objc2-core-foundation/0.3.2	Zlib OR Apache-2.0 OR MIT	MIT	licenses/block2-0.6.2-LICENSE-MIT.txt-MIT-94bb7d7ede-f6a2e783669a.txt	licenses/block2-0.6.2-LICENSE-MIT.txt-MIT-94bb7d7ede-f6a2e783669a.txt	f6a2e783669a0dd7a2c3b8a4f76db40ae49033e66e1bdc30f3aa25fe5577b070		macos-universal	TARGET_LINKED_RUNTIME	Target compilation-unit owner: mcraw4vulkan -normal:mcraw4vulkan_preflight-> mcraw4vulkan-preflight@0.1.0 -normal:notify_rust-> notify-rust@4.17.0 -normal:mac_notification_sys-> mac-notification-sys@0.6.15 -normal:objc2_foundation-> objc2-foundation@0.3.2 -normal:objc2_core_foundation-> objc2-core-foundation@0.3.2. Observed unit contexts: TARGET_LINKED_RUNTIME. Legal text source: https://github.com/madsmtm/objc2/blob/main/LICENSE-MIT.txt at revision 94bb7d7ede901aaf483fa73bb67d58b462911652; developer-selected MIT branch; exact upstream bytes.		PASS
objc2-encode	4.1.0	rust-package	https://crates.io/crates/objc2-encode/4.1.0	MIT	MIT	licenses/block2-0.6.2-LICENSE-MIT.txt-MIT-94bb7d7ede-f6a2e783669a.txt	licenses/block2-0.6.2-LICENSE-MIT.txt-MIT-94bb7d7ede-f6a2e783669a.txt	f6a2e783669a0dd7a2c3b8a4f76db40ae49033e66e1bdc30f3aa25fe5577b070		macos-universal	TARGET_LINKED_RUNTIME	Target compilation-unit owner: mcraw4vulkan -normal:mcraw4vulkan_preflight-> mcraw4vulkan-preflight@0.1.0 -normal:notify_rust-> notify-rust@4.17.0 -normal:mac_notification_sys-> mac-notification-sys@0.6.15 -normal:objc2-> objc2@0.6.4 -normal:objc2_encode-> objc2-encode@4.1.0. Observed unit contexts: TARGET_LINKED_RUNTIME. Legal text source: https://github.com/madsmtm/objc2/blob/main/LICENSE-MIT.txt at revision 94bb7d7ede901aaf483fa73bb67d58b462911652; exact upstream bytes.		PASS
objc2-foundation	0.3.2	rust-package	https://crates.io/crates/objc2-foundation/0.3.2	MIT	MIT	licenses/block2-0.6.2-LICENSE-MIT.txt-MIT-94bb7d7ede-f6a2e783669a.txt	licenses/block2-0.6.2-LICENSE-MIT.txt-MIT-94bb7d7ede-f6a2e783669a.txt	f6a2e783669a0dd7a2c3b8a4f76db40ae49033e66e1bdc30f3aa25fe5577b070		macos-universal	TARGET_LINKED_RUNTIME	Target compilation-unit owner: mcraw4vulkan -normal:mcraw4vulkan_preflight-> mcraw4vulkan-preflight@0.1.0 -normal:notify_rust-> notify-rust@4.17.0 -normal:mac_notification_sys-> mac-notification-sys@0.6.15 -normal:objc2_foundation-> objc2-foundation@0.3.2. Observed unit contexts: TARGET_LINKED_RUNTIME. Legal text source: https://github.com/madsmtm/objc2/blob/main/LICENSE-MIT.txt at revision 94bb7d7ede901aaf483fa73bb67d58b462911652; exact upstream bytes.		PASS
once_cell	1.21.4	rust-package	https://crates.io/crates/once_cell/1.21.4	MIT OR Apache-2.0	MIT	licenses/once_cell-1.21.4-LICENSE-MIT-MIT-4858baa7db-23f18e03dc49.txt	licenses/adler2-2.0.1-LICENSE-MIT-MIT-ceec63d9fa-23f18e03dc49.txt	23f18e03dc49df91622fe2a76176497404e46ced8a715d9d2b67a7446571cca3		arch-x86_64,el10-x86_64,fedora44-x86_64,macos-universal,ubuntu-amd64,windows-x64	TARGET_LINKED_RUNTIME	Target compilation-unit owner: mcraw4vulkan -normal:mcraw4vulkan_display-> mcraw4vulkan-display@0.1.0 -normal:wgpu-> wgpu@24.0.5 -normal:hal-> wgpu-hal@24.0.4 -normal:once_cell-> once_cell@1.21.4. Observed unit contexts: TARGET_LINKED_RUNTIME.		PASS
ordered-float	4.6.0	rust-package	https://crates.io/crates/ordered-float/4.6.0	MIT	MIT	licenses/ordered-float-4.6.0-LICENSE-MIT-MIT-0bc9fd89cf-f7715d38a3fa.txt	licenses/ordered-float-4.6.0-LICENSE-MIT-MIT-0bc9fd89cf-f7715d38a3fa.txt	f7715d38a3fa1b4ac97c5729740752505a39cb92ee83ab5b102aeb5eaa7cdea4		arch-x86_64,el10-x86_64,fedora44-x86_64,macos-universal,ubuntu-amd64,windows-x64	TARGET_LINKED_RUNTIME	Target compilation-unit owner: mcraw4vulkan -normal:mcraw4vulkan_display-> mcraw4vulkan-display@0.1.0 -normal:wgpu-> wgpu@24.0.5 -normal:hal-> wgpu-hal@24.0.4 -normal:ordered_float-> ordered-float@4.6.0. Observed unit contexts: TARGET_LINKED_RUNTIME.		PASS
ordered-stream	0.2.0	rust-package	https://crates.io/crates/ordered-stream/0.2.0	MIT OR Apache-2.0	MIT	licenses/ordered-stream-0.2.0-LICENSE-MIT-MIT-1ddcb0a7fe-23f18e03dc49.txt	licenses/adler2-2.0.1-LICENSE-MIT-MIT-ceec63d9fa-23f18e03dc49.txt	23f18e03dc49df91622fe2a76176497404e46ced8a715d9d2b67a7446571cca3		arch-x86_64,el10-x86_64,fedora44-x86_64,ubuntu-amd64	TARGET_LINKED_RUNTIME	Target compilation-unit owner: mcraw4vulkan -normal:mcraw4vulkan_preflight-> mcraw4vulkan-preflight@0.1.0 -normal:notify_rust-> notify-rust@4.17.0 -normal:zbus-> zbus@5.19.0 -normal:ordered_stream-> ordered-stream@0.2.0. Observed unit contexts: TARGET_LINKED_RUNTIME.		PASS
owned_ttf_parser	0.25.1	rust-package	https://crates.io/crates/owned_ttf_parser/0.25.1	Apache-2.0	Apache-2.0	licenses/owned_ttf_parser-0.25.1-LICENSE-Apache-2_0-8ee7072e13-a6cba85bc92e.txt	licenses/ab_glyph-0.2.32-LICENSE-Apache-2_0-ec9246a757-a6cba85bc92e.txt	a6cba85bc92e0cff7a450b1d873c0eaa2e9fc96bf472df0247a26bec77bf3ff9		arch-x86_64,el10-x86_64,fedora44-x86_64,macos-universal,ubuntu-amd64,windows-x64	TARGET_LINKED_RUNTIME	Target compilation-unit owner: mcraw4vulkan-gui -normal:egui-> egui@0.31.1 -normal:epaint-> epaint@0.31.1 -normal:ab_glyph-> ab_glyph@0.2.32 -normal:owned_ttf_parser-> owned_ttf_parser@0.25.1. Observed unit contexts: TARGET_LINKED_RUNTIME.		PASS
page_size	0.6.0	rust-package	https://crates.io/crates/page_size/0.6.0	MIT/Apache-2.0	MIT	licenses/page_size-0.6.0-LICENSE-MIT-MIT-732f98acb7-14435fbcd271.txt	licenses/page_size-0.6.0-LICENSE-MIT-MIT-732f98acb7-14435fbcd271.txt	14435fbcd271e2783f721b57b7bf4f6502c1379249a4300e0e5bb774686c2d90		arch-x86_64,el10-x86_64,fedora44-x86_64,macos-universal,ubuntu-amd64	TARGET_LINKED_RUNTIME	Target compilation-unit owner: mcraw4vulkan -normal:mcraw4vulkan_fuse-> mcraw4vulkan-fuse@0.1.0 -normal:fuser-> fuser@0.17.0 -normal:page_size-> page_size@0.6.0. Observed unit contexts: TARGET_LINKED_RUNTIME.		PASS
parking	2.2.1	rust-package	https://crates.io/crates/parking/2.2.1	Apache-2.0 OR MIT	MIT	licenses/parking-2.2.1-LICENSE-MIT-MIT-9ad1a667d1-23f18e03dc49.txt	licenses/adler2-2.0.1-LICENSE-MIT-MIT-ceec63d9fa-23f18e03dc49.txt	23f18e03dc49df91622fe2a76176497404e46ced8a715d9d2b67a7446571cca3		arch-x86_64,el10-x86_64,fedora44-x86_64,macos-universal,ubuntu-amd64,windows-x64	TARGET_LINKED_RUNTIME	Target compilation-unit owner: mcraw4vulkan -normal:mcraw4vulkan_preflight-> mcraw4vulkan-preflight@0.1.0 -normal:notify_rust-> notify-rust@4.17.0 -normal:futures_lite-> futures-lite@2.6.1 -normal:parking-> parking@2.2.1. Observed unit contexts: TARGET_LINKED_RUNTIME.		PASS
parking_lot	0.12.5	rust-package	https://crates.io/crates/parking_lot/0.12.5	MIT OR Apache-2.0	MIT	licenses/parking_lot-0.12.5-LICENSE-MIT-MIT-6c16db6518-c9a75f18b9ab.txt	licenses/lock_api-0.4.14-LICENSE-MIT-MIT-e11af46c0a-c9a75f18b9ab.txt	c9a75f18b9ab2927829a208fc6aa2cf4e63b8420887ba29cdb265d6619ae82d5		arch-x86_64,el10-x86_64,fedora44-x86_64,macos-universal,ubuntu-amd64,windows-x64	TARGET_LINKED_RUNTIME	Target compilation-unit owner: mcraw4vulkan -normal:mcraw4vulkan_display-> mcraw4vulkan-display@0.1.0 -normal:wgpu-> wgpu@24.0.5 -normal:hal-> wgpu-hal@24.0.4 -normal:parking_lot-> parking_lot@0.12.5. Observed unit contexts: TARGET_LINKED_RUNTIME.		PASS
parking_lot_core	0.9.12	rust-package	https://crates.io/crates/parking_lot_core/0.9.12	MIT OR Apache-2.0	MIT	licenses/parking_lot_core-0.9.12-LICENSE-MIT-MIT-25bba821be-c9a75f18b9ab.txt	licenses/lock_api-0.4.14-LICENSE-MIT-MIT-e11af46c0a-c9a75f18b9ab.txt	c9a75f18b9ab2927829a208fc6aa2cf4e63b8420887ba29cdb265d6619ae82d5		arch-x86_64,el10-x86_64,fedora44-x86_64,macos-universal,ubuntu-amd64,windows-x64	TARGET_LINKED_RUNTIME	Target compilation-unit owner: mcraw4vulkan -normal:mcraw4vulkan_display-> mcraw4vulkan-display@0.1.0 -normal:wgpu-> wgpu@24.0.5 -normal:hal-> wgpu-hal@24.0.4 -normal:parking_lot-> parking_lot@0.12.5 -normal:parking_lot_core-> parking_lot_core@0.9.12. Observed unit contexts: HOST_BUILD_SCRIPT,TARGET_LINKED_RUNTIME.		PASS
paste	1.0.15	rust-package	https://crates.io/crates/paste/1.0.15	MIT OR Apache-2.0	NOT_SELECTED						HOST_PROC_MACRO+HOST_BUILD_SCRIPT		Host-only compilation-unit proof: mcraw4vulkan -normal:mcraw4vulkan_display-> mcraw4vulkan-display@0.1.0 -normal:wgpu-> wgpu@24.0.5 -normal:hal-> wgpu-hal@24.0.4 -normal:metal-> metal@0.31.0 -normal:paste-> paste@1.0.15. No independent target unit or generated-material proof.	PASS
pin-project-lite	0.2.17	rust-package	https://crates.io/crates/pin-project-lite/0.2.17	Apache-2.0 OR MIT	MIT	licenses/pin-project-lite-0.2.17-LICENSE-MIT-MIT-4b3510b027-23f18e03dc49.txt	licenses/adler2-2.0.1-LICENSE-MIT-MIT-ceec63d9fa-23f18e03dc49.txt	23f18e03dc49df91622fe2a76176497404e46ced8a715d9d2b67a7446571cca3		arch-x86_64,el10-x86_64,fedora44-x86_64,macos-universal,ubuntu-amd64,windows-x64	TARGET_LINKED_RUNTIME	Target compilation-unit owner: mcraw4vulkan -normal:mcraw4vulkan_fuse-> mcraw4vulkan-fuse@0.1.0 -normal:tracing-> tracing@0.1.44 -normal:pin_project_lite-> pin-project-lite@0.2.17. Observed unit contexts: TARGET_LINKED_RUNTIME.		PASS
piper	0.2.5	rust-package	https://crates.io/crates/piper/0.2.5	MIT OR Apache-2.0	MIT	licenses/piper-0.2.5-LICENSE-MIT-MIT-31ec8b663c-23f18e03dc49.txt	licenses/adler2-2.0.1-LICENSE-MIT-MIT-ceec63d9fa-23f18e03dc49.txt	23f18e03dc49df91622fe2a76176497404e46ced8a715d9d2b67a7446571cca3		arch-x86_64,el10-x86_64,fedora44-x86_64,ubuntu-amd64	TARGET_LINKED_RUNTIME	Target compilation-unit owner: mcraw4vulkan -normal:mcraw4vulkan_preflight-> mcraw4vulkan-preflight@0.1.0 -normal:notify_rust-> notify-rust@4.17.0 -normal:zbus-> zbus@5.19.0 -normal:blocking-> blocking@1.6.2 -normal:piper-> piper@0.2.5. Observed unit contexts: TARGET_LINKED_RUNTIME.		PASS
pkg-config	0.3.33	rust-package	https://crates.io/crates/pkg-config/0.3.33	MIT OR Apache-2.0	NOT_SELECTED						HOST_BUILD_DEPENDENCY		Host-only compilation-unit proof: mcraw4vulkan -normal:mcraw4vulkan_display-> mcraw4vulkan-display@0.1.0 -normal:wgpu-> wgpu@24.0.5 -normal:hal-> wgpu-hal@24.0.4 -normal:khronos_egl-> khronos-egl@6.0.0 -build:pkg_config-> pkg-config@0.3.33. No independent target unit or generated-material proof.	PASS
png	0.18.1	rust-package	https://crates.io/crates/png/0.18.1	MIT OR Apache-2.0	MIT	licenses/png-0.18.1-LICENSE-MIT-MIT-74210a6d75-eaf40297c75d.txt	licenses/png-0.18.1-LICENSE-MIT-MIT-74210a6d75-eaf40297c75d.txt	eaf40297c75da471f7cda1f3458e8d91b4b2ec866e609527a13acfa93b638652		arch-x86_64,el10-x86_64,fedora44-x86_64,macos-universal,ubuntu-amd64,windows-x64	TARGET_LINKED_RUNTIME	Target compilation-unit owner: mcraw4vulkan-gui -normal:png-> png@0.18.1. Observed unit contexts: TARGET_LINKED_RUNTIME.		PASS
polling	3.11.0	rust-package	https://crates.io/crates/polling/3.11.0	Apache-2.0 OR MIT	MIT	licenses/polling-3.11.0-LICENSE-MIT-MIT-e7e86a9923-23f18e03dc49.txt	licenses/adler2-2.0.1-LICENSE-MIT-MIT-ceec63d9fa-23f18e03dc49.txt	23f18e03dc49df91622fe2a76176497404e46ced8a715d9d2b67a7446571cca3		arch-x86_64,el10-x86_64,fedora44-x86_64,ubuntu-amd64	TARGET_LINKED_RUNTIME	Target compilation-unit owner: mcraw4vulkan -normal:mcraw4vulkan_preflight-> mcraw4vulkan-preflight@0.1.0 -normal:notify_rust-> notify-rust@4.17.0 -normal:zbus-> zbus@5.19.0 -normal:async_io-> async-io@2.6.0 -normal:polling-> polling@3.11.0. Observed unit contexts: TARGET_LINKED_RUNTIME.		PASS
pollster	0.4.0	rust-package	https://crates.io/crates/pollster/0.4.0	Apache-2.0/MIT	MIT	licenses/pollster-0.4.0-LICENSE-MIT-MIT-3960e591c6-cc02a5331667.txt	licenses/pollster-0.4.0-LICENSE-MIT-MIT-3960e591c6-cc02a5331667.txt	cc02a53316678ca2575cc69d12daa7b1833935d4b7742c31fbab7bd74a481077		arch-x86_64,el10-x86_64,fedora44-x86_64,macos-universal,ubuntu-amd64,windows-x64	TARGET_LINKED_RUNTIME	Target compilation-unit owner: mcraw4vulkan -normal:mcraw4vulkan_fuse-> mcraw4vulkan-fuse@0.1.0 -normal:mcraw4vulkan_gpu-> mcraw4vulkan-gpu@0.1.0 -normal:pollster-> pollster@0.4.0. Observed unit contexts: TARGET_LINKED_RUNTIME.		PASS
portable-atomic	1.13.1	rust-package	https://crates.io/crates/portable-atomic/1.13.1	Apache-2.0 OR MIT	NOT_SELECTED						TARGET_NOT_APPLICABLE		Locked for another target/optional graph but unreachable from production or dev roots on the four audited release targets. License expression verified from locally cached exact crate source portable-atomic-1.13.1.	PASS
portable-atomic-util	0.2.7	rust-package	https://crates.io/crates/portable-atomic-util/0.2.7	Apache-2.0 OR MIT	NOT_SELECTED						TARGET_NOT_APPLICABLE		Locked for another target/optional graph but unreachable from production or dev roots on the four audited release targets. License expression verified from locally cached exact crate source portable-atomic-util-0.2.7.	PASS
powerfmt	0.2.0	rust-package	https://crates.io/crates/powerfmt/0.2.0	MIT OR Apache-2.0	MIT	licenses/powerfmt-0.2.0-LICENSE-MIT-MIT-94c391d8af-070dbc7dda03.txt	licenses/powerfmt-0.2.0-LICENSE-MIT-MIT-94c391d8af-070dbc7dda03.txt	070dbc7dda03a29296f2d58bdb9b7331af90f2abc9f31df22875d1eabaf29852		macos-universal	TARGET_LINKED_RUNTIME	Target compilation-unit owner: mcraw4vulkan -normal:mcraw4vulkan_preflight-> mcraw4vulkan-preflight@0.1.0 -normal:notify_rust-> notify-rust@4.17.0 -normal:mac_notification_sys-> mac-notification-sys@0.6.15 -normal:time-> time@0.3.45 -normal:deranged-> deranged@0.5.8 -normal:powerfmt-> powerfmt@0.2.0. Observed unit contexts: TARGET_LINKED_RUNTIME.		PASS
proc-macro-crate	3.5.0	rust-package	https://crates.io/crates/proc-macro-crate/3.5.0	MIT OR Apache-2.0	NOT_SELECTED						HOST_PROC_MACRO_SUPPORT		Host-only compilation-unit proof: mcraw4vulkan -normal:mcraw4vulkan_fuse-> mcraw4vulkan-fuse@0.1.0 -normal:fuser-> fuser@0.17.0 -normal:num_enum-> num_enum@0.7.6 -normal:num_enum_derive-> num_enum_derive@0.7.6 -normal:proc_macro_crate-> proc-macro-crate@3.5.0. No independent target unit or generated-material proof.	PASS
proc-macro2	1.0.107	rust-package	https://crates.io/crates/proc-macro2/1.0.107	MIT OR Apache-2.0	MIT	licenses/proc-macro2-1.0.107-LICENSE-MIT-MIT-af6092e5c8-23f18e03dc49.txt	licenses/adler2-2.0.1-LICENSE-MIT-MIT-ceec63d9fa-23f18e03dc49.txt	23f18e03dc49df91622fe2a76176497404e46ced8a715d9d2b67a7446571cca3		arch-x86_64,el10-x86_64,fedora44-x86_64,ubuntu-amd64	TARGET_LINKED_RUNTIME	Target compilation-unit owner: mcraw4vulkan -normal:mcraw4vulkan_preflight-> mcraw4vulkan-preflight@0.1.0 -normal:notify_rust-> notify-rust@4.17.0 -normal:zbus-> zbus@5.19.0 -normal:zbus_names-> zbus_names@4.3.4 -normal:zvariant-> zvariant@5.14.0 -normal:zvariant_utils-> zvariant_utils@4.0.0 -normal:proc_macro2-> proc-macro2@1.0.107. Observed unit contexts: HOST_BUILD_SCRIPT,HOST_PROC_MACRO_SUPPORT,TARGET_LINKED_RUNTIME.		PASS
profiling	1.0.18	rust-package	https://crates.io/crates/profiling/1.0.18	MIT OR Apache-2.0	MIT	licenses/profiling-1.0.18-LICENSE-MIT-MIT-1bc74bceb7-c8167fdeeed4.txt	licenses/profiling-1.0.18-LICENSE-MIT-MIT-1bc74bceb7-c8167fdeeed4.txt	c8167fdeeed46d3f244d3f85c5bf998ce889343691c32be2c61a8bc4b5c08333		arch-x86_64,el10-x86_64,fedora44-x86_64,macos-universal,ubuntu-amd64,windows-x64	TARGET_LINKED_RUNTIME	Target compilation-unit owner: mcraw4vulkan -normal:mcraw4vulkan_display-> mcraw4vulkan-display@0.1.0 -normal:wgpu-> wgpu@24.0.5 -normal:hal-> wgpu-hal@24.0.4 -normal:profiling-> profiling@1.0.18. Observed unit contexts: TARGET_LINKED_RUNTIME.		PASS
ProjFS	OS	native-component	https://learn.microsoft.com/windows/win32/projfs/	NOT_DISTRIBUTED	NOT_APPLICABLE					windows-x64	SYSTEM_DEPENDENCY_NOT_DISTRIBUTED	Windows supplies ProjFS and the project copies no ProjFS payload		PASS
quote	1.0.47	rust-package	https://crates.io/crates/quote/1.0.47	MIT OR Apache-2.0	MIT	licenses/quote-1.0.47-LICENSE-MIT-MIT-a77d4bee3a-23f18e03dc49.txt	licenses/adler2-2.0.1-LICENSE-MIT-MIT-ceec63d9fa-23f18e03dc49.txt	23f18e03dc49df91622fe2a76176497404e46ced8a715d9d2b67a7446571cca3		arch-x86_64,el10-x86_64,fedora44-x86_64,ubuntu-amd64	TARGET_LINKED_RUNTIME	Target compilation-unit owner: mcraw4vulkan -normal:mcraw4vulkan_preflight-> mcraw4vulkan-preflight@0.1.0 -normal:notify_rust-> notify-rust@4.17.0 -normal:zbus-> zbus@5.19.0 -normal:zbus_names-> zbus_names@4.3.4 -normal:zvariant-> zvariant@5.14.0 -normal:zvariant_utils-> zvariant_utils@4.0.0 -normal:quote-> quote@1.0.47. Observed unit contexts: HOST_BUILD_SCRIPT,HOST_PROC_MACRO_SUPPORT,TARGET_LINKED_RUNTIME.		PASS
r-efi	6.0.0	rust-package	https://crates.io/crates/r-efi/6.0.0	MIT OR Apache-2.0 OR LGPL-2.1-or-later	NOT_SELECTED						TARGET_NOT_APPLICABLE		Locked for another target/optional graph but unreachable from production or dev roots on the four audited release targets. License expression verified from locally cached exact crate source r-efi-6.0.0.	PASS
raw-window-handle	0.6.2	rust-package	https://crates.io/crates/raw-window-handle/0.6.2	MIT OR Apache-2.0 OR Zlib	MIT	licenses/raw-window-handle-0.6.2-LICENSE-MIT.md-MIT-15c71a43d3-9c5a80639a57.txt	licenses/raw-window-handle-0.6.2-LICENSE-MIT.md-MIT-15c71a43d3-9c5a80639a57.txt	9c5a80639a57c1c945570e7ebbca0706305849ce3c098021325cca9db2f7acc4		arch-x86_64,el10-x86_64,fedora44-x86_64,macos-universal,ubuntu-amd64,windows-x64	TARGET_LINKED_RUNTIME	Target compilation-unit owner: mcraw4vulkan -normal:mcraw4vulkan_display-> mcraw4vulkan-display@0.1.0 -normal:wgpu-> wgpu@24.0.5 -normal:hal-> wgpu-hal@24.0.4 -normal:raw_window_handle-> raw-window-handle@0.6.2. Observed unit contexts: TARGET_LINKED_RUNTIME.		PASS
redox_syscall	0.5.18	rust-package	https://crates.io/crates/redox_syscall/0.5.18	MIT	NOT_SELECTED						TARGET_NOT_APPLICABLE		Locked for another target/optional graph but unreachable from production or dev roots on the four audited release targets. License expression verified from locally cached exact crate source redox_syscall-0.5.18.	PASS
ref-cast	1.0.26	rust-package	https://crates.io/crates/ref-cast/1.0.26	MIT OR Apache-2.0	MIT	licenses/ref-cast-1.0.26-LICENSE-MIT-MIT-e6afd6cef2-23f18e03dc49.txt	licenses/adler2-2.0.1-LICENSE-MIT-MIT-ceec63d9fa-23f18e03dc49.txt	23f18e03dc49df91622fe2a76176497404e46ced8a715d9d2b67a7446571cca3		arch-x86_64,el10-x86_64,fedora44-x86_64,macos-universal,ubuntu-amd64	TARGET_LINKED_RUNTIME	Target compilation-unit owner: mcraw4vulkan -normal:mcraw4vulkan_fuse-> mcraw4vulkan-fuse@0.1.0 -normal:fuser-> fuser@0.17.0 -normal:ref_cast-> ref-cast@1.0.26. Observed unit contexts: HOST_BUILD_SCRIPT,TARGET_LINKED_RUNTIME.		PASS
ref-cast-impl	1.0.26	rust-package	https://crates.io/crates/ref-cast-impl/1.0.26	MIT OR Apache-2.0	NOT_SELECTED						HOST_PROC_MACRO		Host-only compilation-unit proof: mcraw4vulkan -normal:mcraw4vulkan_fuse-> mcraw4vulkan-fuse@0.1.0 -normal:fuser-> fuser@0.17.0 -normal:ref_cast-> ref-cast@1.0.26 -normal:ref_cast_impl-> ref-cast-impl@1.0.26. No independent target unit or generated-material proof.	PASS
renderdoc-sys	1.1.0	rust-package	https://crates.io/crates/renderdoc-sys/1.1.0	MIT OR Apache-2.0	MIT	licenses/renderdoc-sys-1.1.0-LICENSE-MIT-MIT-b5932c618b-24b2f2eff5a7.txt	licenses/renderdoc-sys-1.1.0-LICENSE-MIT-MIT-b5932c618b-24b2f2eff5a7.txt	24b2f2eff5a7622e87162823e260f00c6dfbce0e26d585d3d28c785f1edc80ed		arch-x86_64,el10-x86_64,fedora44-x86_64,ubuntu-amd64,windows-x64	TARGET_LINKED_RUNTIME	Effective target-unit closure from cargo tree --edges normal,no-proc-macro retains this package for exactly: arch-x86_64,el10-x86_64,fedora44-x86_64,ubuntu-amd64,windows-x64. Inactive optional, proc-macro, and build-only edges are excluded.		PASS
rustc-hash	1.1.0	rust-package	https://crates.io/crates/rustc-hash/1.1.0	Apache-2.0/MIT	MIT	licenses/rustc-hash-1.1.0-LICENSE-MIT-MIT-960fb0d13c-23f18e03dc49.txt	licenses/adler2-2.0.1-LICENSE-MIT-MIT-ceec63d9fa-23f18e03dc49.txt	23f18e03dc49df91622fe2a76176497404e46ced8a715d9d2b67a7446571cca3		arch-x86_64,el10-x86_64,fedora44-x86_64,macos-universal,ubuntu-amd64,windows-x64	TARGET_LINKED_RUNTIME	Target compilation-unit owner: mcraw4vulkan -normal:mcraw4vulkan_display-> mcraw4vulkan-display@0.1.0 -normal:wgpu-> wgpu@24.0.5 -normal:hal-> wgpu-hal@24.0.4 -normal:naga-> naga@24.0.0 -normal:rustc_hash-> rustc-hash@1.1.0. Observed unit contexts: TARGET_LINKED_RUNTIME.		PASS
rustc-hash	2.1.3	rust-package	https://crates.io/crates/rustc-hash/2.1.3	Apache-2.0 OR MIT	MIT	licenses/rustc-hash-2.1.3-LICENSE-MIT-MIT-62e4c5d8ec-30fefc3a7d6a.txt	licenses/rustc-hash-2.1.3-LICENSE-MIT-MIT-62e4c5d8ec-30fefc3a7d6a.txt	30fefc3a7d6a0041541858293bcbea2dde4caa4c0a5802f996a7f7e8c0085652		arch-x86_64,el10-x86_64,fedora44-x86_64,macos-universal,ubuntu-amd64,windows-x64	TARGET_LINKED_RUNTIME	Target compilation-unit owner: mcraw4vulkan-gui -normal:egui_wgpu-> egui-wgpu@0.31.1 -normal:type_map-> type-map@0.5.1 -normal:rustc_hash-> rustc-hash@2.1.3. Observed unit contexts: TARGET_LINKED_RUNTIME.		PASS
rustix	1.1.4	rust-package	https://crates.io/crates/rustix/1.1.4	Apache-2.0 WITH LLVM-exception OR Apache-2.0 OR MIT	MIT	licenses/rustix-1.1.4-LICENSE-MIT-MIT-089380cd60-23f18e03dc49.txt	licenses/adler2-2.0.1-LICENSE-MIT-MIT-ceec63d9fa-23f18e03dc49.txt	23f18e03dc49df91622fe2a76176497404e46ced8a715d9d2b67a7446571cca3		arch-x86_64,el10-x86_64,fedora44-x86_64,ubuntu-amd64	TARGET_LINKED_RUNTIME	Target compilation-unit owner: mcraw4vulkan -normal:mcraw4vulkan_preflight-> mcraw4vulkan-preflight@0.1.0 -normal:notify_rust-> notify-rust@4.17.0 -normal:zbus-> zbus@5.19.0 -normal:async_io-> async-io@2.6.0 -normal:polling-> polling@3.11.0 -normal:rustix-> rustix@1.1.4. Observed unit contexts: HOST_BUILD_SCRIPT,TARGET_LINKED_RUNTIME.		PASS
rustversion	1.0.23	rust-package	https://crates.io/crates/rustversion/1.0.23	MIT OR Apache-2.0	NOT_SELECTED						HOST_PROC_MACRO+HOST_BUILD_SCRIPT		Host-only compilation-unit proof: mcraw4vulkan -normal:mcraw4vulkan_display-> mcraw4vulkan-display@0.1.0 -normal:wgpu-> wgpu@24.0.5 -normal:hal-> wgpu-hal@24.0.4 -normal:naga-> naga@24.0.0 -normal:strum-> strum@0.26.3 -normal:strum_macros-> strum_macros@0.26.4 -normal:rustversion-> rustversion@1.0.23. No independent target unit or generated-material proof.	PASS
scopeguard	1.2.0	rust-package	https://crates.io/crates/scopeguard/1.2.0	MIT OR Apache-2.0	MIT	licenses/scopeguard-1.2.0-LICENSE-MIT-MIT-9973986ca8-fb77f0a9c53e.txt	licenses/scopeguard-1.2.0-LICENSE-MIT-MIT-9973986ca8-fb77f0a9c53e.txt	fb77f0a9c53e473abe5103c8632ef9f0f2874d4fb3f17cb2d8c661aab9cee9d7		arch-x86_64,el10-x86_64,fedora44-x86_64,macos-universal,ubuntu-amd64,windows-x64	TARGET_LINKED_RUNTIME	Target compilation-unit owner: mcraw4vulkan -normal:mcraw4vulkan_display-> mcraw4vulkan-display@0.1.0 -normal:wgpu-> wgpu@24.0.5 -normal:hal-> wgpu-hal@24.0.4 -normal:parking_lot-> parking_lot@0.12.5 -normal:lock_api-> lock_api@0.4.14 -normal:scopeguard-> scopeguard@1.2.0. Observed unit contexts: TARGET_LINKED_RUNTIME.		PASS
sdl2	0.38.0	rust-package	https://crates.io/crates/sdl2/0.38.0	MIT	MIT	licenses/sdl2-0.38.0-LICENSE-MIT-9910097f7a-df7af208e28b.txt	licenses/sdl2-0.38.0-LICENSE-MIT-9910097f7a-df7af208e28b.txt	df7af208e28b219a02bfa6efb733ed70c96b35e13aa09064c3c999919790dd4c		arch-x86_64,el10-x86_64,fedora44-x86_64,macos-universal,ubuntu-amd64,windows-x64	TARGET_LINKED_RUNTIME	Target compilation-unit owner: mcraw4vulkan -normal:mcraw4vulkan_display_sound-> mcraw4vulkan-display-sound@0.1.0 -normal:sdl2-> sdl2@0.38.0. Observed unit contexts: HOST_BUILD_SCRIPT,TARGET_LINKED_RUNTIME.		PASS
SDL2	2.32.8	native-component	https://www.libsdl.org/	Zlib	Zlib	licenses/SDL2-2.32.8-License.txt-Zlib-37b975b52737.txt	licenses/SDL2-2.32.8-License.txt-Zlib-37b975b52737.txt	37b975b5273734ea157fb1e363d06191036f289eca7767f736967816bedd156f		macos-universal	BUNDLED_DYNAMIC_FRAMEWORK	arm64,x86_64 framework at Contents/Frameworks/SDL2.framework; packaged binary SHA-256 553bfd8244fa7020ada8af2d7979b85f97f2acf9ec9ccb4366ed8dac68b0bed4; source binary SHA-256 169747cef7eac2e61e65a6e6424605c999c94cbc1eb5b0e43e953fb49aed9a30		PASS
SDL2	SYSTEM	native-component	https://www.libsdl.org/	NOT_DISTRIBUTED	NOT_APPLICABLE					arch-x86_64,fedora44-x86_64,el10-x86_64,ubuntu-amd64	SYSTEM_OR_PACKAGE_MANAGER_DEPENDENCY_NOT_DISTRIBUTED	Linux packaging requires the distribution SDL2 package and forbids bundling it		PASS
SDL2	2.32.10	native-component	https://www.libsdl.org/	Zlib	Zlib	licenses/SDL2-2.32.10-License.txt-Zlib-97f35b302b36.txt	licenses/SDL2-2.32.10-License.txt-Zlib-97f35b302b36.txt	97f35b302b361680ec1e891e95d2d52097bb95abff361434916d99dc1305f127		windows-x64	BUNDLED_DYNAMIC_LIBRARY	x64 SDL2.dll file version 2.32.10.0; bundled SHA-256 b37740a72a7a9706216df9f0134894bb7a850b356fd149398c67d874cbcfacb4; installed at ProgramFiles64Folder/mcraw4vulkan/bin/SDL2.dll		PASS
sdl2-sys	0.38.0	rust-package	https://crates.io/crates/sdl2-sys/0.38.0	MIT AND Zlib	MIT,Zlib	licenses/sdl2-sys-0.38.0-LICENSE-MIT-150c9836cd-df7af208e28b.txt	licenses/sdl2-0.38.0-LICENSE-MIT-9910097f7a-df7af208e28b.txt	df7af208e28b219a02bfa6efb733ed70c96b35e13aa09064c3c999919790dd4c		arch-x86_64,el10-x86_64,fedora44-x86_64,macos-universal,ubuntu-amd64,windows-x64	TARGET_LINKED_RUNTIME	Target compilation-unit owner: mcraw4vulkan -normal:mcraw4vulkan_display_sound-> mcraw4vulkan-display-sound@0.1.0 -normal:sdl2-> sdl2@0.38.0 -normal:sdl2_sys-> sdl2-sys@0.38.0. Observed unit contexts: HOST_BUILD_SCRIPT,TARGET_LINKED_RUNTIME.		PASS
sdl2-sys	0.38.0	rust-package	https://crates.io/crates/sdl2-sys/0.38.0	MIT AND Zlib	MIT,Zlib	licenses/sdl2-sys-0.38.0-LICENSE.txt-Zlib-0a7bbf6559-9928507f684c.txt	licenses/sdl2-sys-0.38.0-LICENSE.txt-Zlib-0a7bbf6559-9928507f684c.txt	9928507f684c1965d07f2b6ef4b4723d5efc2f6b4ab731f743a413c51c319927		arch-x86_64,el10-x86_64,fedora44-x86_64,macos-universal,ubuntu-amd64,windows-x64	TARGET_LINKED_RUNTIME	Target compilation-unit owner: mcraw4vulkan -normal:mcraw4vulkan_display_sound-> mcraw4vulkan-display-sound@0.1.0 -normal:sdl2-> sdl2@0.38.0 -normal:sdl2_sys-> sdl2-sys@0.38.0. Observed unit contexts: HOST_BUILD_SCRIPT,TARGET_LINKED_RUNTIME.		PASS
SDL2_image	NOT_DISTRIBUTED	native-component	https://github.com/libsdl-org/SDL_image	NOT_DISTRIBUTED	NOT_APPLICABLE					macos-universal	NOT_DISTRIBUTED	Absent from the C11 package, app bundle, extracted PKG payload, and mounted DMG		PASS
serde	1.0.229	rust-package	https://crates.io/crates/serde/1.0.229	MIT OR Apache-2.0	MIT	licenses/serde-1.0.229-LICENSE-MIT-MIT-995979f24a-23f18e03dc49.txt	licenses/adler2-2.0.1-LICENSE-MIT-MIT-ceec63d9fa-23f18e03dc49.txt	23f18e03dc49df91622fe2a76176497404e46ced8a715d9d2b67a7446571cca3		arch-x86_64,el10-x86_64,fedora44-x86_64,macos-universal,ubuntu-amd64,windows-x64	TARGET_LINKED_RUNTIME	Target compilation-unit owner: mcraw4vulkan -normal:mcraw4vulkan_audio-> mcraw4vulkan-audio@0.1.0 -normal:mcraw4vulkan_core-> mcraw4vulkan-core@0.1.0 -normal:serde-> serde@1.0.229. Observed unit contexts: HOST_BUILD_SCRIPT,HOST_PROC_MACRO_SUPPORT,TARGET_LINKED_RUNTIME.		PASS
serde_core	1.0.229	rust-package	https://crates.io/crates/serde_core/1.0.229	MIT OR Apache-2.0	MIT	licenses/serde_core-1.0.229-LICENSE-MIT-MIT-aeb1f39ef0-23f18e03dc49.txt	licenses/adler2-2.0.1-LICENSE-MIT-MIT-ceec63d9fa-23f18e03dc49.txt	23f18e03dc49df91622fe2a76176497404e46ced8a715d9d2b67a7446571cca3		arch-x86_64,el10-x86_64,fedora44-x86_64,macos-universal,ubuntu-amd64,windows-x64	TARGET_LINKED_RUNTIME	Target compilation-unit owner: mcraw4vulkan -normal:mcraw4vulkan_audio-> mcraw4vulkan-audio@0.1.0 -normal:mcraw4vulkan_core-> mcraw4vulkan-core@0.1.0 -normal:serde-> serde@1.0.229 -normal:serde_core-> serde_core@1.0.229. Observed unit contexts: HOST_BUILD_DEPENDENCY,HOST_BUILD_SCRIPT,HOST_PROC_MACRO_SUPPORT,TARGET_LINKED_RUNTIME.		PASS
serde_derive	1.0.229	rust-package	https://crates.io/crates/serde_derive/1.0.229	MIT OR Apache-2.0	NOT_SELECTED						HOST_PROC_MACRO		Host-only compilation-unit proof: mcraw4vulkan -normal:mcraw4vulkan_audio-> mcraw4vulkan-audio@0.1.0 -normal:mcraw4vulkan_core-> mcraw4vulkan-core@0.1.0 -normal:serde-> serde@1.0.229 -normal:serde_derive-> serde_derive@1.0.229. No independent target unit or generated-material proof.	PASS
serde_json	1.0.151	rust-package	https://crates.io/crates/serde_json/1.0.151	MIT OR Apache-2.0	MIT	licenses/serde_json-1.0.151-LICENSE-MIT-MIT-4b12e2adc5-23f18e03dc49.txt	licenses/adler2-2.0.1-LICENSE-MIT-MIT-ceec63d9fa-23f18e03dc49.txt	23f18e03dc49df91622fe2a76176497404e46ced8a715d9d2b67a7446571cca3		arch-x86_64,el10-x86_64,fedora44-x86_64,macos-universal,ubuntu-amd64,windows-x64	TARGET_LINKED_RUNTIME	Target compilation-unit owner: mcraw4vulkan -normal:mcraw4vulkan_audio-> mcraw4vulkan-audio@0.1.0 -normal:mcraw4vulkan_mcrawcontainer-> mcraw4vulkan-mcrawcontainer@0.1.0 -normal:serde_json-> serde_json@1.0.151. Observed unit contexts: HOST_BUILD_SCRIPT,TARGET_LINKED_RUNTIME.		PASS
serde_repr	0.1.21	rust-package	https://crates.io/crates/serde_repr/0.1.21	MIT OR Apache-2.0	NOT_SELECTED						HOST_PROC_MACRO		Host-only compilation-unit proof: mcraw4vulkan -normal:mcraw4vulkan_preflight-> mcraw4vulkan-preflight@0.1.0 -normal:notify_rust-> notify-rust@4.17.0 -normal:zbus-> zbus@5.19.0 -normal:serde_repr-> serde_repr@0.1.21. No independent target unit or generated-material proof.	PASS
serde_spanned	1.1.1	rust-package	https://crates.io/crates/serde_spanned/1.1.1	MIT OR Apache-2.0	NOT_SELECTED						HOST_BUILD_DEPENDENCY		Host-only compilation-unit proof: mcraw4vulkan -normal:mcraw4vulkan_preflight-> mcraw4vulkan-preflight@0.1.0 -build:winresource-> winresource@0.1.31 -normal:toml-> toml@1.1.4+spec-1.1.0 -normal:serde_spanned-> serde_spanned@1.1.1. No independent target unit or generated-material proof.	PASS
sharded-slab	0.1.7	rust-package	https://crates.io/crates/sharded-slab/0.1.7	MIT	MIT	licenses/sharded-slab-0.1.7-LICENSE-MIT-a9f751bae8-eafbfa606bc0.txt	licenses/sharded-slab-0.1.7-LICENSE-MIT-a9f751bae8-eafbfa606bc0.txt	eafbfa606bc005ed7fd2f623d65af17ffe4ef7c017221ac14405bf4140771ea9		arch-x86_64,el10-x86_64,fedora44-x86_64,macos-universal,ubuntu-amd64,windows-x64	TARGET_LINKED_RUNTIME	Target compilation-unit owner: mcraw4vulkan -normal:tracing_subscriber-> tracing-subscriber@0.3.23 -normal:sharded_slab-> sharded-slab@0.1.7. Observed unit contexts: TARGET_LINKED_RUNTIME.		PASS
shlex	2.0.1	rust-package	https://crates.io/crates/shlex/2.0.1	MIT OR Apache-2.0	NOT_SELECTED						HOST_BUILD_DEPENDENCY		Host-only compilation-unit proof: mcraw4vulkan -normal:mcraw4vulkan_preflight-> mcraw4vulkan-preflight@0.1.0 -normal:notify_rust-> notify-rust@4.17.0 -normal:mac_notification_sys-> mac-notification-sys@0.6.15 -build:cc-> cc@1.4.2 -normal:shlex-> shlex@2.0.1. No independent target unit or generated-material proof.	PASS
signal-hook-registry	1.4.8	rust-package	https://crates.io/crates/signal-hook-registry/1.4.8	MIT OR Apache-2.0	MIT	licenses/signal-hook-registry-1.4.8-LICENSE-MIT-MIT-89e0de50e4-503558bfefe6.txt	licenses/signal-hook-registry-1.4.8-LICENSE-MIT-MIT-89e0de50e4-503558bfefe6.txt	503558bfefe66ca15e4e3f7955b3cb0ec87fd52f29bf24b336af7bd00e946d5c		arch-x86_64,el10-x86_64,fedora44-x86_64,ubuntu-amd64	TARGET_LINKED_RUNTIME	Target compilation-unit owner: mcraw4vulkan -normal:mcraw4vulkan_preflight-> mcraw4vulkan-preflight@0.1.0 -normal:notify_rust-> notify-rust@4.17.0 -normal:zbus-> zbus@5.19.0 -normal:async_process-> async-process@2.5.0 -normal:async_signal-> async-signal@0.2.14 -normal:signal_hook_registry-> signal-hook-registry@1.4.8. Observed unit contexts: TARGET_LINKED_RUNTIME.		PASS
simd-adler32	0.3.10	rust-package	https://crates.io/crates/simd-adler32/0.3.10	MIT	MIT	licenses/simd-adler32-0.3.10-LICENSE.md-MIT-0e4c60e6b6-42a35170233e.txt	licenses/simd-adler32-0.3.10-LICENSE.md-MIT-0e4c60e6b6-42a35170233e.txt	42a35170233e83e18856792e748de4c1ce4a63b2afce9a370c89ef3fe23f9f2d		arch-x86_64,el10-x86_64,fedora44-x86_64,macos-universal,ubuntu-amd64,windows-x64	TARGET_LINKED_RUNTIME	Target compilation-unit owner: mcraw4vulkan-gui -normal:png-> png@0.18.1 -normal:fdeflate-> fdeflate@0.3.7 -normal:simd_adler32-> simd-adler32@0.3.10. Observed unit contexts: TARGET_LINKED_RUNTIME.		PASS
slab	0.4.12	rust-package	https://crates.io/crates/slab/0.4.12	MIT	MIT	licenses/slab-0.4.12-LICENSE-MIT-dc4ece0b6e-8ce0830173fd.txt	licenses/slab-0.4.12-LICENSE-MIT-dc4ece0b6e-8ce0830173fd.txt	8ce0830173fdac609dfb4ea603fdc002c2f4af0dc9b1a005653f5da9cf534b18		arch-x86_64,el10-x86_64,fedora44-x86_64,ubuntu-amd64	TARGET_LINKED_RUNTIME	Target compilation-unit owner: mcraw4vulkan -normal:mcraw4vulkan_preflight-> mcraw4vulkan-preflight@0.1.0 -normal:notify_rust-> notify-rust@4.17.0 -normal:zbus-> zbus@5.19.0 -normal:async_executor-> async-executor@1.14.0 -normal:slab-> slab@0.4.12. Observed unit contexts: TARGET_LINKED_RUNTIME.		PASS
slotmap	1.1.1	rust-package	https://crates.io/crates/slotmap/1.1.1	Zlib	NOT_SELECTED						TARGET_NOT_APPLICABLE		Locked for another target/optional graph but unreachable from production or dev roots on the four audited release targets. License expression verified from locally cached exact crate source slotmap-1.1.1.	PASS
smallvec	1.15.2	rust-package	https://crates.io/crates/smallvec/1.15.2	MIT OR Apache-2.0	MIT	licenses/smallvec-1.15.2-LICENSE-MIT-MIT-9ae314456d-0b28172679e0.txt	licenses/smallvec-1.15.2-LICENSE-MIT-MIT-9ae314456d-0b28172679e0.txt	0b28172679e0009b655da42797c03fd163a3379d5cfa67ba1f1655e974a2a1a9		arch-x86_64,el10-x86_64,fedora44-x86_64,macos-universal,ubuntu-amd64,windows-x64	TARGET_LINKED_RUNTIME	Target compilation-unit owner: mcraw4vulkan -normal:mcraw4vulkan_display-> mcraw4vulkan-display@0.1.0 -normal:wgpu-> wgpu@24.0.5 -normal:hal-> wgpu-hal@24.0.4 -normal:parking_lot-> parking_lot@0.12.5 -normal:parking_lot_core-> parking_lot_core@0.9.12 -normal:smallvec-> smallvec@1.15.2. Observed unit contexts: TARGET_LINKED_RUNTIME.		PASS
spirv	0.3.0+sdk-1.3.268.0	rust-package	https://crates.io/crates/spirv/0.3.0+sdk-1.3.268.0	Apache-2.0	Apache-2.0	licenses/spirv-0.3.0+sdk-1.3.268.0-LICENSE-Apache-2_0-acc0572093-cfc7749b96f6.txt	licenses/gl_generator-0.14.0-LICENSE-Apache-2_0-33bdcf7e06-cfc7749b96f6.txt	cfc7749b96f63bd31c3c42b5c471bf756814053e847c10f3eb003417bc523d30		arch-x86_64,el10-x86_64,fedora44-x86_64,macos-universal,ubuntu-amd64,windows-x64	TARGET_LINKED_RUNTIME	Target compilation-unit owner: mcraw4vulkan -normal:mcraw4vulkan_display-> mcraw4vulkan-display@0.1.0 -normal:wgpu-> wgpu@24.0.5 -normal:hal-> wgpu-hal@24.0.4 -normal:naga-> naga@24.0.0 -normal:spirv-> spirv@0.3.0+sdk-1.3.268.0. Observed unit contexts: TARGET_LINKED_RUNTIME.		PASS
static_assertions	1.1.0	rust-package	https://crates.io/crates/static_assertions/1.1.0	MIT OR Apache-2.0	MIT	licenses/static_assertions-1.1.0-LICENSE-MIT-MIT-ebffc3fac0-ea084a2373eb.txt	licenses/static_assertions-1.1.0-LICENSE-MIT-MIT-ebffc3fac0-ea084a2373eb.txt	ea084a2373ebc1f0902c09266e7bf25a05ab3814c1805bb017ffa7308f90c061		arch-x86_64,el10-x86_64,fedora44-x86_64,macos-universal,ubuntu-amd64,windows-x64	TARGET_LINKED_RUNTIME	Target compilation-unit owner: mcraw4vulkan -normal:mcraw4vulkan_display-> mcraw4vulkan-display@0.1.0 -normal:wgpu-> wgpu@24.0.5 -normal:static_assertions-> static_assertions@1.1.0. Observed unit contexts: TARGET_LINKED_RUNTIME.		PASS
strum	0.26.3	rust-package	https://crates.io/crates/strum/0.26.3	MIT	MIT	licenses/strum-0.26.3-LICENSE-MIT-79fe6f7e18-8bce3b45e49e.txt	licenses/strum-0.26.3-LICENSE-MIT-79fe6f7e18-8bce3b45e49e.txt	8bce3b45e49ecd1461f223b46de133d8f62cd39f745cfdaf81bee554b908bd42		arch-x86_64,el10-x86_64,fedora44-x86_64,macos-universal,ubuntu-amd64,windows-x64	TARGET_LINKED_RUNTIME	Target compilation-unit owner: mcraw4vulkan -normal:mcraw4vulkan_display-> mcraw4vulkan-display@0.1.0 -normal:wgpu-> wgpu@24.0.5 -normal:hal-> wgpu-hal@24.0.4 -normal:naga-> naga@24.0.0 -normal:strum-> strum@0.26.3. Observed unit contexts: TARGET_LINKED_RUNTIME.		PASS
strum_macros	0.26.4	rust-package	https://crates.io/crates/strum_macros/0.26.4	MIT	NOT_SELECTED						HOST_PROC_MACRO		Host-only compilation-unit proof: mcraw4vulkan -normal:mcraw4vulkan_display-> mcraw4vulkan-display@0.1.0 -normal:wgpu-> wgpu@24.0.5 -normal:hal-> wgpu-hal@24.0.4 -normal:naga-> naga@24.0.0 -normal:strum-> strum@0.26.3 -normal:strum_macros-> strum_macros@0.26.4. No independent target unit or generated-material proof.	PASS
syn	2.0.119	rust-package	https://crates.io/crates/syn/2.0.119	MIT OR Apache-2.0	NOT_SELECTED						HOST_PROC_MACRO_SUPPORT		Host-only compilation-unit proof: mcraw4vulkan -normal:mcraw4vulkan_display-> mcraw4vulkan-display@0.1.0 -normal:wgpu-> wgpu@24.0.5 -normal:hal-> wgpu-hal@24.0.4 -normal:naga-> naga@24.0.0 -normal:strum-> strum@0.26.3 -normal:strum_macros-> strum_macros@0.26.4 -normal:syn-> syn@2.0.119. No independent target unit or generated-material proof.	PASS
syn	3.0.3	rust-package	https://crates.io/crates/syn/3.0.3	MIT OR Apache-2.0	MIT	licenses/syn-3.0.3-LICENSE-MIT-MIT-f777b1dc66-23f18e03dc49.txt	licenses/adler2-2.0.1-LICENSE-MIT-MIT-ceec63d9fa-23f18e03dc49.txt	23f18e03dc49df91622fe2a76176497404e46ced8a715d9d2b67a7446571cca3		arch-x86_64,el10-x86_64,fedora44-x86_64,ubuntu-amd64	TARGET_LINKED_RUNTIME	Target compilation-unit owner: mcraw4vulkan -normal:mcraw4vulkan_preflight-> mcraw4vulkan-preflight@0.1.0 -normal:notify_rust-> notify-rust@4.17.0 -normal:zbus-> zbus@5.19.0 -normal:zbus_names-> zbus_names@4.3.4 -normal:zvariant-> zvariant@5.14.0 -normal:zvariant_utils-> zvariant_utils@4.0.0 -normal:syn-> syn@3.0.3. Observed unit contexts: HOST_PROC_MACRO_SUPPORT,TARGET_LINKED_RUNTIME.		PASS
tauri-winrt-notification	0.7.3	rust-package	https://crates.io/crates/tauri-winrt-notification/0.7.3	MIT OR Apache-2.0	MIT	licenses/tauri-winrt-notification-0.7.3-LICENSE.spdx-NOTICE-ea72f7b506-a212bb763e1d.txt	licenses/tauri-winrt-notification-0.7.3-LICENSE.spdx-NOTICE-ea72f7b506-a212bb763e1d.txt	a212bb763e1d415210f9d345a4c0bb896571b997f3599a92de16281acafc989b	licenses/tauri-winrt-notification-0.7.3-LICENSE.spdx-NOTICE-ea72f7b506-a212bb763e1d.txt	windows-x64	TARGET_LINKED_RUNTIME	Target compilation-unit owner: mcraw4vulkan -normal:mcraw4vulkan_preflight-> mcraw4vulkan-preflight@0.1.0 -normal:notify_rust-> notify-rust@4.17.0 -normal:winrt_notification-> tauri-winrt-notification@0.7.3. Observed unit contexts: TARGET_LINKED_RUNTIME.		PASS
tauri-winrt-notification	0.7.3	rust-package	https://crates.io/crates/tauri-winrt-notification/0.7.3	MIT OR Apache-2.0	MIT	licenses/tauri-winrt-notification-0.7.3-LICENSE_MIT-MIT-a625b86821-9dd42ea92cff.txt	licenses/tauri-winrt-notification-0.7.3-LICENSE_MIT-MIT-a625b86821-9dd42ea92cff.txt	9dd42ea92cff2ede5cd477cbfcce051b2d0115c0ac7f368ee88cb545055dff1d		windows-x64	TARGET_LINKED_RUNTIME	Target compilation-unit owner: mcraw4vulkan -normal:mcraw4vulkan_preflight-> mcraw4vulkan-preflight@0.1.0 -normal:notify_rust-> notify-rust@4.17.0 -normal:winrt_notification-> tauri-winrt-notification@0.7.3. Observed unit contexts: TARGET_LINKED_RUNTIME.		PASS
tempfile	3.27.0	rust-package	https://crates.io/crates/tempfile/3.27.0	MIT OR Apache-2.0	NOT_SELECTED						TARGET_NOT_APPLICABLE		Locked for another target/optional graph but unreachable from production or dev roots on the four audited release targets. License expression verified from locally cached exact crate source tempfile-3.27.0.	PASS
termcolor	1.4.1	rust-package	https://crates.io/crates/termcolor/1.4.1	Unlicense OR MIT	MIT	licenses/termcolor-1.4.1-COPYING-NOTICE-b1088ab91c-01c266bced4a.txt	licenses/jiff-0.2.35-COPYING-NOTICE-e51ef4b4ac-01c266bced4a.txt	01c266bced4a434da0051174d6bee16a4c82cf634e2679b6155d40d75012390f	licenses/jiff-0.2.35-COPYING-NOTICE-e51ef4b4ac-01c266bced4a.txt	arch-x86_64,el10-x86_64,fedora44-x86_64,macos-universal,ubuntu-amd64,windows-x64	TARGET_LINKED_RUNTIME	Target compilation-unit owner: mcraw4vulkan -normal:mcraw4vulkan_display-> mcraw4vulkan-display@0.1.0 -normal:wgpu-> wgpu@24.0.5 -normal:hal-> wgpu-hal@24.0.4 -normal:naga-> naga@24.0.0 -normal:codespan_reporting-> codespan-reporting@0.11.1 -normal:termcolor-> termcolor@1.4.1. Observed unit contexts: TARGET_LINKED_RUNTIME.		PASS
termcolor	1.4.1	rust-package	https://crates.io/crates/termcolor/1.4.1	Unlicense OR MIT	MIT	licenses/termcolor-1.4.1-LICENSE-MIT-MIT-8a12efbf93-0f96a83840e1.txt	licenses/jiff-0.2.35-LICENSE-MIT-MIT-84c2c65344-0f96a83840e1.txt	0f96a83840e146e43c0ec96a22ec1f392e0680e6c1226e6f3ba87e0740af850f		arch-x86_64,el10-x86_64,fedora44-x86_64,macos-universal,ubuntu-amd64,windows-x64	TARGET_LINKED_RUNTIME	Target compilation-unit owner: mcraw4vulkan -normal:mcraw4vulkan_display-> mcraw4vulkan-display@0.1.0 -normal:wgpu-> wgpu@24.0.5 -normal:hal-> wgpu-hal@24.0.4 -normal:naga-> naga@24.0.0 -normal:codespan_reporting-> codespan-reporting@0.11.1 -normal:termcolor-> termcolor@1.4.1. Observed unit contexts: TARGET_LINKED_RUNTIME.		PASS
thiserror	1.0.69	rust-package	https://crates.io/crates/thiserror/1.0.69	MIT OR Apache-2.0	MIT	licenses/thiserror-1.0.69-LICENSE-MIT-MIT-1af752468c-23f18e03dc49.txt	licenses/adler2-2.0.1-LICENSE-MIT-MIT-ceec63d9fa-23f18e03dc49.txt	23f18e03dc49df91622fe2a76176497404e46ced8a715d9d2b67a7446571cca3		arch-x86_64,el10-x86_64,fedora44-x86_64,macos-universal,ubuntu-amd64,windows-x64	TARGET_LINKED_RUNTIME	Target compilation-unit owner: mcraw4vulkan-gui -normal:egui_wgpu-> egui-wgpu@0.31.1 -normal:thiserror-> thiserror@1.0.69. Observed unit contexts: HOST_BUILD_SCRIPT,TARGET_LINKED_RUNTIME.		PASS
thiserror	2.0.20	rust-package	https://crates.io/crates/thiserror/2.0.20	MIT OR Apache-2.0	MIT	licenses/thiserror-2.0.20-LICENSE-MIT-MIT-ca01539c8c-23f18e03dc49.txt	licenses/adler2-2.0.1-LICENSE-MIT-MIT-ceec63d9fa-23f18e03dc49.txt	23f18e03dc49df91622fe2a76176497404e46ced8a715d9d2b67a7446571cca3		arch-x86_64,el10-x86_64,fedora44-x86_64,macos-universal,ubuntu-amd64,windows-x64	TARGET_LINKED_RUNTIME	Target compilation-unit owner: mcraw4vulkan -normal:mcraw4vulkan_audio-> mcraw4vulkan-audio@0.1.0 -normal:mcraw4vulkan_core-> mcraw4vulkan-core@0.1.0 -normal:thiserror-> thiserror@2.0.20. Observed unit contexts: HOST_BUILD_SCRIPT,HOST_PROC_MACRO_SUPPORT,TARGET_LINKED_RUNTIME.		PASS
thiserror-impl	1.0.69	rust-package	https://crates.io/crates/thiserror-impl/1.0.69	MIT OR Apache-2.0	NOT_SELECTED						HOST_PROC_MACRO		Host-only compilation-unit proof: mcraw4vulkan-gui -normal:egui_wgpu-> egui-wgpu@0.31.1 -normal:thiserror-> thiserror@1.0.69 -normal:thiserror_impl-> thiserror-impl@1.0.69. No independent target unit or generated-material proof.	PASS
thiserror-impl	2.0.20	rust-package	https://crates.io/crates/thiserror-impl/2.0.20	MIT OR Apache-2.0	NOT_SELECTED						HOST_PROC_MACRO		Host-only compilation-unit proof: mcraw4vulkan -normal:mcraw4vulkan_audio-> mcraw4vulkan-audio@0.1.0 -normal:mcraw4vulkan_core-> mcraw4vulkan-core@0.1.0 -normal:thiserror-> thiserror@2.0.20 -normal:thiserror_impl-> thiserror-impl@2.0.20. No independent target unit or generated-material proof.	PASS
thread_local	1.1.10	rust-package	https://crates.io/crates/thread_local/1.1.10	MIT OR Apache-2.0	MIT	licenses/thread_local-1.1.10-LICENSE-MIT-MIT-1058e059be-c9a75f18b9ab.txt	licenses/lock_api-0.4.14-LICENSE-MIT-MIT-e11af46c0a-c9a75f18b9ab.txt	c9a75f18b9ab2927829a208fc6aa2cf4e63b8420887ba29cdb265d6619ae82d5		arch-x86_64,el10-x86_64,fedora44-x86_64,macos-universal,ubuntu-amd64,windows-x64	TARGET_LINKED_RUNTIME	Target compilation-unit owner: mcraw4vulkan -normal:tracing_subscriber-> tracing-subscriber@0.3.23 -normal:thread_local-> thread_local@1.1.10. Observed unit contexts: TARGET_LINKED_RUNTIME.		PASS
time	0.3.45	rust-package	https://crates.io/crates/time/0.3.45	MIT OR Apache-2.0	MIT	licenses/time-0.3.45-LICENSE-MIT-MIT-b4b8b1e506-2537228d9a1b.txt	licenses/time-0.3.45-LICENSE-MIT-MIT-b4b8b1e506-2537228d9a1b.txt	2537228d9a1b44a5dc595241349cae7090b326c8de165aaf89bfddef4a00d0fc		macos-universal	TARGET_LINKED_RUNTIME	Target compilation-unit owner: mcraw4vulkan -normal:mcraw4vulkan_preflight-> mcraw4vulkan-preflight@0.1.0 -normal:notify_rust-> notify-rust@4.17.0 -normal:mac_notification_sys-> mac-notification-sys@0.6.15 -normal:time-> time@0.3.45. Observed unit contexts: TARGET_LINKED_RUNTIME.		PASS
time-core	0.1.7	rust-package	https://crates.io/crates/time-core/0.1.7	MIT OR Apache-2.0	MIT	licenses/time-core-0.1.7-LICENSE-MIT-MIT-19311c882f-2537228d9a1b.txt	licenses/time-0.3.45-LICENSE-MIT-MIT-b4b8b1e506-2537228d9a1b.txt	2537228d9a1b44a5dc595241349cae7090b326c8de165aaf89bfddef4a00d0fc		macos-universal	TARGET_LINKED_RUNTIME	Target compilation-unit owner: mcraw4vulkan -normal:mcraw4vulkan_preflight-> mcraw4vulkan-preflight@0.1.0 -normal:notify_rust-> notify-rust@4.17.0 -normal:mac_notification_sys-> mac-notification-sys@0.6.15 -normal:time-> time@0.3.45 -normal:time_core-> time-core@0.1.7. Observed unit contexts: TARGET_LINKED_RUNTIME.		PASS
toml	1.1.4+spec-1.1.0	rust-package	https://crates.io/crates/toml/1.1.4+spec-1.1.0	MIT OR Apache-2.0	NOT_SELECTED						HOST_BUILD_DEPENDENCY		Host-only compilation-unit proof: mcraw4vulkan -normal:mcraw4vulkan_preflight-> mcraw4vulkan-preflight@0.1.0 -build:winresource-> winresource@0.1.31 -normal:toml-> toml@1.1.4+spec-1.1.0. No independent target unit or generated-material proof.	PASS
toml_datetime	1.1.1+spec-1.1.0	rust-package	https://crates.io/crates/toml_datetime/1.1.1+spec-1.1.0	MIT OR Apache-2.0	NOT_SELECTED						HOST_PROC_MACRO_SUPPORT+HOST_BUILD_DEPENDENCY		Host-only compilation-unit proof: mcraw4vulkan -normal:mcraw4vulkan_fuse-> mcraw4vulkan-fuse@0.1.0 -normal:fuser-> fuser@0.17.0 -normal:num_enum-> num_enum@0.7.6 -normal:num_enum_derive-> num_enum_derive@0.7.6 -normal:proc_macro_crate-> proc-macro-crate@3.5.0 -normal:toml_edit-> toml_edit@0.25.13+spec-1.1.0 -normal:toml_datetime-> toml_datetime@1.1.1+spec-1.1.0. No independent target unit or generated-material proof.	PASS
toml_edit	0.25.13+spec-1.1.0	rust-package	https://crates.io/crates/toml_edit/0.25.13+spec-1.1.0	MIT OR Apache-2.0	NOT_SELECTED						HOST_PROC_MACRO_SUPPORT		Host-only compilation-unit proof: mcraw4vulkan -normal:mcraw4vulkan_fuse-> mcraw4vulkan-fuse@0.1.0 -normal:fuser-> fuser@0.17.0 -normal:num_enum-> num_enum@0.7.6 -normal:num_enum_derive-> num_enum_derive@0.7.6 -normal:proc_macro_crate-> proc-macro-crate@3.5.0 -normal:toml_edit-> toml_edit@0.25.13+spec-1.1.0. No independent target unit or generated-material proof.	PASS
toml_parser	1.1.3+spec-1.1.0	rust-package	https://crates.io/crates/toml_parser/1.1.3+spec-1.1.0	MIT OR Apache-2.0	NOT_SELECTED						HOST_PROC_MACRO_SUPPORT+HOST_BUILD_DEPENDENCY		Host-only compilation-unit proof: mcraw4vulkan -normal:mcraw4vulkan_fuse-> mcraw4vulkan-fuse@0.1.0 -normal:fuser-> fuser@0.17.0 -normal:num_enum-> num_enum@0.7.6 -normal:num_enum_derive-> num_enum_derive@0.7.6 -normal:proc_macro_crate-> proc-macro-crate@3.5.0 -normal:toml_edit-> toml_edit@0.25.13+spec-1.1.0 -normal:toml_parser-> toml_parser@1.1.3+spec-1.1.0. No independent target unit or generated-material proof.	PASS
toml_writer	1.1.2+spec-1.1.0	rust-package	https://crates.io/crates/toml_writer/1.1.2+spec-1.1.0	MIT OR Apache-2.0	NOT_SELECTED						TARGET_NOT_APPLICABLE		No effective unit exists for any supported release target or public executable. winresource enables toml's std, parse, and serde features but not its optional display feature, so toml_writer remains a lock-only inactive dependency.	PASS
tracing	0.1.44	rust-package	https://crates.io/crates/tracing/0.1.44	MIT	MIT	licenses/tracing-0.1.44-LICENSE-MIT-e043238a31-898b1ae9821e.txt	licenses/tracing-0.1.44-LICENSE-MIT-e043238a31-898b1ae9821e.txt	898b1ae9821e98daf8964c8d6c7f61641f5f5aa78ad500020771c0939ee0dea1		arch-x86_64,el10-x86_64,fedora44-x86_64,macos-universal,ubuntu-amd64,windows-x64	TARGET_LINKED_RUNTIME	Target compilation-unit owner: mcraw4vulkan -normal:mcraw4vulkan_fuse-> mcraw4vulkan-fuse@0.1.0 -normal:tracing-> tracing@0.1.44. Observed unit contexts: TARGET_LINKED_RUNTIME.		PASS
tracing-attributes	0.1.31	rust-package	https://crates.io/crates/tracing-attributes/0.1.31	MIT	NOT_SELECTED						HOST_PROC_MACRO		Host-only compilation-unit proof: mcraw4vulkan -normal:mcraw4vulkan_fuse-> mcraw4vulkan-fuse@0.1.0 -normal:tracing-> tracing@0.1.44 -normal:tracing_attributes-> tracing-attributes@0.1.31. No independent target unit or generated-material proof.	PASS
tracing-core	0.1.36	rust-package	https://crates.io/crates/tracing-core/0.1.36	MIT	MIT	licenses/tracing-core-0.1.36-LICENSE-MIT-d3454831da-898b1ae9821e.txt	licenses/tracing-0.1.44-LICENSE-MIT-e043238a31-898b1ae9821e.txt	898b1ae9821e98daf8964c8d6c7f61641f5f5aa78ad500020771c0939ee0dea1		arch-x86_64,el10-x86_64,fedora44-x86_64,macos-universal,ubuntu-amd64,windows-x64	TARGET_LINKED_RUNTIME	Target compilation-unit owner: mcraw4vulkan -normal:mcraw4vulkan_fuse-> mcraw4vulkan-fuse@0.1.0 -normal:tracing-> tracing@0.1.44 -normal:tracing_core-> tracing-core@0.1.36. Observed unit contexts: TARGET_LINKED_RUNTIME.		PASS
tracing-log	0.2.0	rust-package	https://crates.io/crates/tracing-log/0.2.0	MIT	MIT	licenses/tracing-log-0.2.0-LICENSE-MIT-1c4086d4f9-898b1ae9821e.txt	licenses/tracing-0.1.44-LICENSE-MIT-e043238a31-898b1ae9821e.txt	898b1ae9821e98daf8964c8d6c7f61641f5f5aa78ad500020771c0939ee0dea1		arch-x86_64,el10-x86_64,fedora44-x86_64,macos-universal,ubuntu-amd64,windows-x64	TARGET_LINKED_RUNTIME	Target compilation-unit owner: mcraw4vulkan -normal:tracing_subscriber-> tracing-subscriber@0.3.23 -normal:tracing_log-> tracing-log@0.2.0. Observed unit contexts: TARGET_LINKED_RUNTIME.		PASS
tracing-subscriber	0.3.23	rust-package	https://crates.io/crates/tracing-subscriber/0.3.23	MIT	MIT	licenses/tracing-subscriber-0.3.23-LICENSE-MIT-8418c5b257-898b1ae9821e.txt	licenses/tracing-0.1.44-LICENSE-MIT-e043238a31-898b1ae9821e.txt	898b1ae9821e98daf8964c8d6c7f61641f5f5aa78ad500020771c0939ee0dea1		arch-x86_64,el10-x86_64,fedora44-x86_64,macos-universal,ubuntu-amd64,windows-x64	TARGET_LINKED_RUNTIME	Target compilation-unit owner: mcraw4vulkan -normal:tracing_subscriber-> tracing-subscriber@0.3.23. Observed unit contexts: TARGET_LINKED_RUNTIME.		PASS
ttf-parser	0.25.1	rust-package	https://crates.io/crates/ttf-parser/0.25.1	MIT OR Apache-2.0	MIT	licenses/ttf-parser-0.25.1-LICENSE-MIT-MIT-9e873d4dc6-f3c9fe731c70.txt	licenses/ttf-parser-0.25.1-LICENSE-MIT-MIT-9e873d4dc6-f3c9fe731c70.txt	f3c9fe731c701ed77fd5fbaac573872af04dc5869385eb9bd5e3c73c42713814		arch-x86_64,el10-x86_64,fedora44-x86_64,macos-universal,ubuntu-amd64,windows-x64	TARGET_LINKED_RUNTIME	Target compilation-unit owner: mcraw4vulkan-gui -normal:egui-> egui@0.31.1 -normal:epaint-> epaint@0.31.1 -normal:ab_glyph-> ab_glyph@0.2.32 -normal:owned_ttf_parser-> owned_ttf_parser@0.25.1 -normal:ttf_parser-> ttf-parser@0.25.1. Observed unit contexts: TARGET_LINKED_RUNTIME.		PASS
type-map	0.5.1	rust-package	https://crates.io/crates/type-map/0.5.1	MIT/Apache-2.0	MIT	licenses/type-map-0.5.1-LICENSE-MIT-MIT-f441e238e9-b47fb719a40d.txt	licenses/type-map-0.5.1-LICENSE-MIT-MIT-f441e238e9-b47fb719a40d.txt	b47fb719a40d9ef9c8e3be525c41ce129c46d613cfc96a91bddd7c19dcebf7a1		arch-x86_64,el10-x86_64,fedora44-x86_64,macos-universal,ubuntu-amd64,windows-x64	TARGET_LINKED_RUNTIME	Target compilation-unit owner: mcraw4vulkan-gui -normal:egui_wgpu-> egui-wgpu@0.31.1 -normal:type_map-> type-map@0.5.1. Observed unit contexts: TARGET_LINKED_RUNTIME.		PASS
uds_windows	1.2.1	rust-package	https://crates.io/crates/uds_windows/1.2.1	MIT	NOT_SELECTED						TARGET_NOT_APPLICABLE		Locked for another target/optional graph but unreachable from production or dev roots on the four audited release targets. License expression verified from locally cached exact crate source uds_windows-1.2.1.	PASS
unicode-ident	1.0.24	rust-package	https://crates.io/crates/unicode-ident/1.0.24	(MIT OR Apache-2.0) AND Unicode-3.0	MIT,Unicode-3.0	licenses/unicode-ident-1.0.24-LICENSE-MIT-MIT-aefe80290e-23f18e03dc49.txt	licenses/adler2-2.0.1-LICENSE-MIT-MIT-ceec63d9fa-23f18e03dc49.txt	23f18e03dc49df91622fe2a76176497404e46ced8a715d9d2b67a7446571cca3		arch-x86_64,el10-x86_64,fedora44-x86_64,ubuntu-amd64	TARGET_LINKED_RUNTIME	Target compilation-unit owner: mcraw4vulkan -normal:mcraw4vulkan_preflight-> mcraw4vulkan-preflight@0.1.0 -normal:notify_rust-> notify-rust@4.17.0 -normal:zbus-> zbus@5.19.0 -normal:zbus_names-> zbus_names@4.3.4 -normal:zvariant-> zvariant@5.14.0 -normal:zvariant_utils-> zvariant_utils@4.0.0 -normal:proc_macro2-> proc-macro2@1.0.107 -normal:unicode_ident-> unicode-ident@1.0.24. Observed unit contexts: HOST_PROC_MACRO_SUPPORT,TARGET_LINKED_RUNTIME.		PASS
unicode-ident	1.0.24	rust-package	https://crates.io/crates/unicode-ident/1.0.24	(MIT OR Apache-2.0) AND Unicode-3.0	MIT,Unicode-3.0	licenses/unicode-ident-1.0.24-LICENSE-UNICODE-MIT-91f87237c6-f7db81051789.txt	licenses/unicode-ident-1.0.24-LICENSE-UNICODE-MIT-91f87237c6-f7db81051789.txt	f7db81051789b729fea528a63ec4c938fdcb93d9d61d97dc8cc2e9df6d47f2a1		arch-x86_64,el10-x86_64,fedora44-x86_64,ubuntu-amd64	TARGET_LINKED_RUNTIME	Target compilation-unit owner: mcraw4vulkan -normal:mcraw4vulkan_preflight-> mcraw4vulkan-preflight@0.1.0 -normal:notify_rust-> notify-rust@4.17.0 -normal:zbus-> zbus@5.19.0 -normal:zbus_names-> zbus_names@4.3.4 -normal:zvariant-> zvariant@5.14.0 -normal:zvariant_utils-> zvariant_utils@4.0.0 -normal:proc_macro2-> proc-macro2@1.0.107 -normal:unicode_ident-> unicode-ident@1.0.24. Observed unit contexts: HOST_PROC_MACRO_SUPPORT,TARGET_LINKED_RUNTIME.		PASS
unicode-width	0.1.14	rust-package	https://crates.io/crates/unicode-width/0.1.14	MIT OR Apache-2.0	MIT	licenses/unicode-width-0.1.14-LICENSE-MIT-MIT-b651b6c6d5-7b63ecd5f190.txt	licenses/unicode-width-0.1.14-LICENSE-MIT-MIT-b651b6c6d5-7b63ecd5f190.txt	7b63ecd5f1902af1b63729947373683c32745c16a10e8e6292e2e2dcd7e90ae0		arch-x86_64,el10-x86_64,fedora44-x86_64,macos-universal,ubuntu-amd64,windows-x64	TARGET_LINKED_RUNTIME	Target compilation-unit owner: mcraw4vulkan -normal:mcraw4vulkan_display-> mcraw4vulkan-display@0.1.0 -normal:wgpu-> wgpu@24.0.5 -normal:hal-> wgpu-hal@24.0.4 -normal:naga-> naga@24.0.0 -normal:codespan_reporting-> codespan-reporting@0.11.1 -normal:unicode_width-> unicode-width@0.1.14. Observed unit contexts: TARGET_LINKED_RUNTIME.		PASS
unicode-xid	0.2.6	rust-package	https://crates.io/crates/unicode-xid/0.2.6	MIT OR Apache-2.0	MIT	licenses/unicode-xid-0.2.6-LICENSE-MIT-MIT-430511ebaf-7b63ecd5f190.txt	licenses/unicode-width-0.1.14-LICENSE-MIT-MIT-b651b6c6d5-7b63ecd5f190.txt	7b63ecd5f1902af1b63729947373683c32745c16a10e8e6292e2e2dcd7e90ae0		arch-x86_64,el10-x86_64,fedora44-x86_64,macos-universal,ubuntu-amd64,windows-x64	TARGET_LINKED_RUNTIME	Target compilation-unit owner: mcraw4vulkan -normal:mcraw4vulkan_display-> mcraw4vulkan-display@0.1.0 -normal:wgpu-> wgpu@24.0.5 -normal:hal-> wgpu-hal@24.0.4 -normal:naga-> naga@24.0.0 -normal:unicode_xid-> unicode-xid@0.2.6. Observed unit contexts: TARGET_LINKED_RUNTIME.		PASS
uuid	1.24.0	rust-package	https://crates.io/crates/uuid/1.24.0	Apache-2.0 OR MIT	MIT	licenses/uuid-1.24.0-LICENSE-MIT-MIT-c12d25f67d-436bc5a105d8.txt	licenses/uuid-1.24.0-LICENSE-MIT-MIT-c12d25f67d-436bc5a105d8.txt	436bc5a105d8e57dcd8778730f3754f7bf39c14d2f530e4cde4bd2d17a83ec3d		arch-x86_64,el10-x86_64,fedora44-x86_64,macos-universal,ubuntu-amd64	TARGET_LINKED_RUNTIME	Target compilation-unit owner: mcraw4vulkan -normal:mcraw4vulkan_preflight-> mcraw4vulkan-preflight@0.1.0 -normal:notify_rust-> notify-rust@4.17.0 -normal:zbus-> zbus@5.19.0 -normal:uuid-> uuid@1.24.0. Observed unit contexts: TARGET_LINKED_RUNTIME.		PASS
valuable	0.1.1	rust-package	https://crates.io/crates/valuable/0.1.1	MIT	NOT_SELECTED						TARGET_NOT_APPLICABLE		Locked for another target/optional graph but unreachable from production or dev roots on the four audited release targets. License expression verified from locally cached exact crate source valuable-0.1.1.	PASS
version-compare	0.1.1	rust-package	https://crates.io/crates/version-compare/0.1.1	MIT	NOT_SELECTED						HOST_BUILD_DEPENDENCY		Host-only compilation-unit proof: mcraw4vulkan -normal:mcraw4vulkan_display_sound-> mcraw4vulkan-display-sound@0.1.0 -normal:sdl2-> sdl2@0.38.0 -normal:sdl2_sys-> sdl2-sys@0.38.0 -build:version_compare-> version-compare@0.1.1. No independent target unit or generated-material proof.	PASS
version_check	0.9.5	rust-package	https://crates.io/crates/version_check/0.9.5	MIT/Apache-2.0	NOT_SELECTED						HOST_BUILD_DEPENDENCY		Host-only compilation-unit proof: mcraw4vulkan -normal:mcraw4vulkan_preflight-> mcraw4vulkan-preflight@0.1.0 -build:winresource-> winresource@0.1.31 -normal:version_check-> version_check@0.9.5. No independent target unit or generated-material proof.	PASS
Vulkan-Loader	1.4.350	native-component	https://github.com/KhronosGroup/Vulkan-Loader	Apache-2.0	Apache-2.0	licenses/Vulkan-Loader-1.4.350-LICENSE.txt-Apache-2_0-83ddfc5ec5-43c0a37e6a0f.txt	licenses/Vulkan-Loader-1.4.350-LICENSE.txt-Apache-2_0-83ddfc5ec5-43c0a37e6a0f.txt	43c0a37e6a0fa7ff3c843b3ec5a4fac84b712558ddac103fbd4c1649662a9ece		macos-universal	BUNDLED_DYNAMIC_LIBRARY	Vulkan SDK 1.4.350.1; arm64,x86_64 packaged SHA-256 467f1554d2a4a0598fa8680dcf27f6de7291b9530baf7d0b6b7e3bed629a1254; source SHA-256 092cdfd0699a1556c747ce6120b17202e02a7ba9406ba3b11ebd8029e285da44; install ID @loader_path/libvulkan.1.dylib Legal text source: https://github.com/KhronosGroup/Vulkan-Loader/blob/main/LICENSE.txt at revision 83ddfc5ec5ca64ddd1055cefa1559c568101075a; exact component license bytes, including its stated more-permissive file exceptions.		PASS
Vulkan-Loader	SYSTEM	native-component	https://github.com/KhronosGroup/Vulkan-Loader	NOT_DISTRIBUTED	NOT_APPLICABLE					arch-x86_64,fedora44-x86_64,el10-x86_64,ubuntu-amd64	SYSTEM_OR_PACKAGE_MANAGER_DEPENDENCY_NOT_DISTRIBUTED	Linux packaging requires the distribution Vulkan loader and forbids bundling it		PASS
Vulkan-Loader	SYSTEM	native-component	https://github.com/KhronosGroup/Vulkan-Loader	NOT_DISTRIBUTED	NOT_APPLICABLE					windows-x64	SYSTEM_DEPENDENCY_NOT_BUNDLED	No vulkan-1.dll occurs in the stage, generated WiX, MSI File table, or administrative extraction		PASS
wasm-bindgen	0.2.126	rust-package	https://crates.io/crates/wasm-bindgen/0.2.126	MIT OR Apache-2.0	NOT_SELECTED						TARGET_NOT_APPLICABLE		Locked for another target/optional graph but unreachable from production or dev roots on the four audited release targets. License expression verified from locally cached exact crates.io archive wasm-bindgen-0.2.126.crate.	PASS
wasm-bindgen-futures	0.4.76	rust-package	https://crates.io/crates/wasm-bindgen-futures/0.4.76	MIT OR Apache-2.0	NOT_SELECTED						TARGET_NOT_APPLICABLE		Locked for another target/optional graph but unreachable from production or dev roots on the four audited release targets. License expression verified from locally cached exact crates.io archive wasm-bindgen-futures-0.4.76.crate.	PASS
wasm-bindgen-macro	0.2.126	rust-package	https://crates.io/crates/wasm-bindgen-macro/0.2.126	MIT OR Apache-2.0	NOT_SELECTED						TARGET_NOT_APPLICABLE		Locked for another target/optional graph but unreachable from production or dev roots on the four audited release targets. License expression verified from locally cached exact crates.io archive wasm-bindgen-macro-0.2.126.crate.	PASS
wasm-bindgen-macro-support	0.2.126	rust-package	https://crates.io/crates/wasm-bindgen-macro-support/0.2.126	MIT OR Apache-2.0	NOT_SELECTED						TARGET_NOT_APPLICABLE		Locked for another target/optional graph but unreachable from production or dev roots on the four audited release targets. License expression verified from locally cached exact crates.io archive wasm-bindgen-macro-support-0.2.126.crate.	PASS
wasm-bindgen-shared	0.2.126	rust-package	https://crates.io/crates/wasm-bindgen-shared/0.2.126	MIT OR Apache-2.0	NOT_SELECTED						TARGET_NOT_APPLICABLE		Locked for another target/optional graph but unreachable from production or dev roots on the four audited release targets. License expression verified from locally cached exact crates.io archive wasm-bindgen-shared-0.2.126.crate.	PASS
web-sys	0.3.103	rust-package	https://crates.io/crates/web-sys/0.3.103	MIT OR Apache-2.0	NOT_SELECTED						TARGET_NOT_APPLICABLE		Locked for another target/optional graph but unreachable from production or dev roots on the four audited release targets. License expression verified from locally cached exact crates.io archive web-sys-0.3.103.crate.	PASS
web-time	1.1.0	rust-package	https://crates.io/crates/web-time/1.1.0	MIT OR Apache-2.0	MIT	licenses/web-time-1.1.0-LICENSE-MIT-MIT-dd69bde978-f428305bbf2e.txt	licenses/web-time-1.1.0-LICENSE-MIT-MIT-dd69bde978-f428305bbf2e.txt	f428305bbf2e70fbd807af0f3c7ac1b7acfb95311640f451e9d2e48db6d7e96b		arch-x86_64,el10-x86_64,fedora44-x86_64,macos-universal,ubuntu-amd64,windows-x64	TARGET_LINKED_RUNTIME	Target compilation-unit owner: mcraw4vulkan-gui -normal:egui_wgpu-> egui-wgpu@0.31.1 -normal:web_time-> web-time@1.1.0. Observed unit contexts: TARGET_LINKED_RUNTIME.		PASS
wgpu	24.0.5	rust-package	https://crates.io/crates/wgpu/24.0.5	MIT OR Apache-2.0	MIT	licenses/wgpu-24.0.5-LICENSE.MIT-MIT-91f730e6db-c7fea58d1cfe.txt	licenses/naga-24.0.0-LICENSE.MIT-MIT-5df44094fa-c7fea58d1cfe.txt	c7fea58d1cfe49634cd92e54fc10a9d871f4b275321a4cd8c09e449122caaeb4		arch-x86_64,el10-x86_64,fedora44-x86_64,macos-universal,ubuntu-amd64,windows-x64	TARGET_LINKED_RUNTIME	Target compilation-unit owner: mcraw4vulkan -normal:mcraw4vulkan_display-> mcraw4vulkan-display@0.1.0 -normal:wgpu-> wgpu@24.0.5. Observed unit contexts: HOST_BUILD_SCRIPT,TARGET_LINKED_RUNTIME.		PASS
wgpu-core	24.0.5	rust-package	https://crates.io/crates/wgpu-core/24.0.5	MIT OR Apache-2.0	MIT	licenses/wgpu-core-24.0.5-LICENSE.MIT-MIT-7932513848-c7fea58d1cfe.txt	licenses/naga-24.0.0-LICENSE.MIT-MIT-5df44094fa-c7fea58d1cfe.txt	c7fea58d1cfe49634cd92e54fc10a9d871f4b275321a4cd8c09e449122caaeb4		arch-x86_64,el10-x86_64,fedora44-x86_64,macos-universal,ubuntu-amd64,windows-x64	TARGET_LINKED_RUNTIME	Target compilation-unit owner: mcraw4vulkan -normal:mcraw4vulkan_display-> mcraw4vulkan-display@0.1.0 -normal:wgpu-> wgpu@24.0.5 -normal:wgc-> wgpu-core@24.0.5. Observed unit contexts: HOST_BUILD_SCRIPT,TARGET_LINKED_RUNTIME.		PASS
wgpu-hal	24.0.4	rust-package	https://crates.io/crates/wgpu-hal/24.0.4	MIT OR Apache-2.0	MIT	licenses/wgpu-hal-24.0.4-LICENSE.APACHE-NOTICE-3ed0a567fb-93322bf14207.txt	licenses/wgpu-hal-24.0.4-LICENSE.APACHE-NOTICE-3ed0a567fb-93322bf14207.txt	93322bf14207312d2ac79c0dc02f97f4592bc3c72d9e1a4f6012c21a0f6d816d	licenses/wgpu-hal-24.0.4-LICENSE.APACHE-NOTICE-3ed0a567fb-93322bf14207.txt	arch-x86_64,el10-x86_64,fedora44-x86_64,macos-universal,ubuntu-amd64,windows-x64	TARGET_LINKED_RUNTIME	Target compilation-unit owner: mcraw4vulkan -normal:mcraw4vulkan_display-> mcraw4vulkan-display@0.1.0 -normal:wgpu-> wgpu@24.0.5 -normal:hal-> wgpu-hal@24.0.4. Observed unit contexts: HOST_BUILD_SCRIPT,TARGET_LINKED_RUNTIME.		PASS
wgpu-hal	24.0.4	rust-package	https://crates.io/crates/wgpu-hal/24.0.4	MIT OR Apache-2.0	MIT	licenses/wgpu-hal-24.0.4-LICENSE.MIT-MIT-9e51935d97-c7fea58d1cfe.txt	licenses/naga-24.0.0-LICENSE.MIT-MIT-5df44094fa-c7fea58d1cfe.txt	c7fea58d1cfe49634cd92e54fc10a9d871f4b275321a4cd8c09e449122caaeb4		arch-x86_64,el10-x86_64,fedora44-x86_64,macos-universal,ubuntu-amd64,windows-x64	TARGET_LINKED_RUNTIME	Target compilation-unit owner: mcraw4vulkan -normal:mcraw4vulkan_display-> mcraw4vulkan-display@0.1.0 -normal:wgpu-> wgpu@24.0.5 -normal:hal-> wgpu-hal@24.0.4. Observed unit contexts: HOST_BUILD_SCRIPT,TARGET_LINKED_RUNTIME.		PASS
wgpu-hal	24.0.4	rust-package	https://crates.io/crates/wgpu-hal/24.0.4	MIT OR Apache-2.0	MIT	licenses/wgpu-hal-24.0.4-LICENSE.MIT-NOTICE-f07532d739-10b693f40602.txt	licenses/wgpu-hal-24.0.4-LICENSE.MIT-NOTICE-f07532d739-10b693f40602.txt	10b693f4060285108e21fbca779818813849a4bb52101b6ec0512e4b0750ba64	licenses/wgpu-hal-24.0.4-LICENSE.MIT-NOTICE-f07532d739-10b693f40602.txt	arch-x86_64,el10-x86_64,fedora44-x86_64,macos-universal,ubuntu-amd64,windows-x64	TARGET_LINKED_RUNTIME	Target compilation-unit owner: mcraw4vulkan -normal:mcraw4vulkan_display-> mcraw4vulkan-display@0.1.0 -normal:wgpu-> wgpu@24.0.5 -normal:hal-> wgpu-hal@24.0.4. Observed unit contexts: HOST_BUILD_SCRIPT,TARGET_LINKED_RUNTIME.		PASS
wgpu-types	24.0.0	rust-package	https://crates.io/crates/wgpu-types/24.0.0	MIT OR Apache-2.0	MIT	licenses/wgpu-types-24.0.0-LICENSE.MIT-MIT-ed79365822-885bec93203d.txt	licenses/wgpu-types-24.0.0-LICENSE.MIT-MIT-ed79365822-885bec93203d.txt	885bec93203d42cd1e93c5b273626e1cf52b519a31fc49f45bd689f77ff62378		arch-x86_64,el10-x86_64,fedora44-x86_64,macos-universal,ubuntu-amd64,windows-x64	TARGET_LINKED_RUNTIME	Target compilation-unit owner: mcraw4vulkan -normal:mcraw4vulkan_display-> mcraw4vulkan-display@0.1.0 -normal:wgpu-> wgpu@24.0.5 -normal:hal-> wgpu-hal@24.0.4 -normal:wgt-> wgpu-types@24.0.0. Observed unit contexts: TARGET_LINKED_RUNTIME.		PASS
winapi	0.3.9	rust-package	https://crates.io/crates/winapi/0.3.9	MIT/Apache-2.0	NOT_SELECTED						TARGET_NOT_APPLICABLE		Locked for another target/optional graph but unreachable from production or dev roots on the four audited release targets. License expression verified from locally cached exact crate source winapi-0.3.9.	PASS
winapi-i686-pc-windows-gnu	0.4.0	rust-package	https://crates.io/crates/winapi-i686-pc-windows-gnu/0.4.0	MIT/Apache-2.0	NOT_SELECTED						TARGET_NOT_APPLICABLE		Locked for another target/optional graph but unreachable from production or dev roots on the four audited release targets. License expression verified from locally cached exact crate source winapi-i686-pc-windows-gnu-0.4.0.	PASS
winapi-util	0.1.11	rust-package	https://crates.io/crates/winapi-util/0.1.11	Unlicense OR MIT	MIT	licenses/winapi-util-0.1.11-COPYING-NOTICE-d74f74a2d9-01c266bced4a.txt	licenses/jiff-0.2.35-COPYING-NOTICE-e51ef4b4ac-01c266bced4a.txt	01c266bced4a434da0051174d6bee16a4c82cf634e2679b6155d40d75012390f	licenses/jiff-0.2.35-COPYING-NOTICE-e51ef4b4ac-01c266bced4a.txt	windows-x64	TARGET_LINKED_RUNTIME	Target compilation-unit owner: mcraw4vulkan -normal:mcraw4vulkan_display-> mcraw4vulkan-display@0.1.0 -normal:wgpu-> wgpu@24.0.5 -normal:hal-> wgpu-hal@24.0.4 -normal:naga-> naga@24.0.0 -normal:codespan_reporting-> codespan-reporting@0.11.1 -normal:termcolor-> termcolor@1.4.1 -normal:winapi_util-> winapi-util@0.1.11. Observed unit contexts: TARGET_LINKED_RUNTIME.		PASS
winapi-util	0.1.11	rust-package	https://crates.io/crates/winapi-util/0.1.11	Unlicense OR MIT	MIT	licenses/winapi-util-0.1.11-LICENSE-MIT-MIT-3f092b03aa-cb3c929a05e6.txt	licenses/winapi-util-0.1.11-LICENSE-MIT-MIT-3f092b03aa-cb3c929a05e6.txt	cb3c929a05e6cbc9de9ab06a4c57eeb60ca8c724bef6c138c87d3a577e27aa14		windows-x64	TARGET_LINKED_RUNTIME	Target compilation-unit owner: mcraw4vulkan -normal:mcraw4vulkan_display-> mcraw4vulkan-display@0.1.0 -normal:wgpu-> wgpu@24.0.5 -normal:hal-> wgpu-hal@24.0.4 -normal:naga-> naga@24.0.0 -normal:codespan_reporting-> codespan-reporting@0.11.1 -normal:termcolor-> termcolor@1.4.1 -normal:winapi_util-> winapi-util@0.1.11. Observed unit contexts: TARGET_LINKED_RUNTIME.		PASS
winapi-x86_64-pc-windows-gnu	0.4.0	rust-package	https://crates.io/crates/winapi-x86_64-pc-windows-gnu/0.4.0	MIT/Apache-2.0	NOT_SELECTED						TARGET_NOT_APPLICABLE		Locked for another target/optional graph but unreachable from production or dev roots on the four audited release targets. License expression verified from locally cached exact crate source winapi-x86_64-pc-windows-gnu-0.4.0.	PASS
windows	0.58.0	rust-package	https://crates.io/crates/windows/0.58.0	MIT OR Apache-2.0	MIT	licenses/windows-0.58.0-license-mit-MIT-b579a88e48-c2cfccb812fe.txt	licenses/windows-0.58.0-license-mit-MIT-b579a88e48-c2cfccb812fe.txt	c2cfccb812fe482101a8f04597dfc5a9991a6b2748266c47ac91b6a5aae15383		windows-x64	TARGET_LINKED_RUNTIME	Target compilation-unit owner: mcraw4vulkan -normal:mcraw4vulkan_display-> mcraw4vulkan-display@0.1.0 -normal:wgpu-> wgpu@24.0.5 -normal:hal-> wgpu-hal@24.0.4 -normal:windows-> windows@0.58.0. Observed unit contexts: TARGET_LINKED_RUNTIME.		PASS
windows	0.61.3	rust-package	https://crates.io/crates/windows/0.61.3	MIT OR Apache-2.0	MIT	licenses/windows-0.61.3-license-mit-MIT-22425c2886-c2cfccb812fe.txt	licenses/windows-0.58.0-license-mit-MIT-b579a88e48-c2cfccb812fe.txt	c2cfccb812fe482101a8f04597dfc5a9991a6b2748266c47ac91b6a5aae15383		windows-x64	TARGET_LINKED_RUNTIME	Target compilation-unit owner: mcraw4vulkan -normal:mcraw4vulkan_preflight-> mcraw4vulkan-preflight@0.1.0 -normal:notify_rust-> notify-rust@4.17.0 -normal:winrt_notification-> tauri-winrt-notification@0.7.3 -normal:windows-> windows@0.61.3. Observed unit contexts: TARGET_LINKED_RUNTIME.		PASS
windows-collections	0.2.0	rust-package	https://crates.io/crates/windows-collections/0.2.0	MIT OR Apache-2.0	MIT	licenses/windows-collections-0.2.0-license-mit-MIT-243b78f948-c2cfccb812fe.txt	licenses/windows-0.58.0-license-mit-MIT-b579a88e48-c2cfccb812fe.txt	c2cfccb812fe482101a8f04597dfc5a9991a6b2748266c47ac91b6a5aae15383		windows-x64	TARGET_LINKED_RUNTIME	Target compilation-unit owner: mcraw4vulkan -normal:mcraw4vulkan_preflight-> mcraw4vulkan-preflight@0.1.0 -normal:notify_rust-> notify-rust@4.17.0 -normal:winrt_notification-> tauri-winrt-notification@0.7.3 -normal:windows-> windows@0.61.3 -normal:windows_collections-> windows-collections@0.2.0. Observed unit contexts: TARGET_LINKED_RUNTIME.		PASS
windows-core	0.58.0	rust-package	https://crates.io/crates/windows-core/0.58.0	MIT OR Apache-2.0	MIT	licenses/windows-core-0.58.0-license-mit-MIT-f73af077f2-c2cfccb812fe.txt	licenses/windows-0.58.0-license-mit-MIT-b579a88e48-c2cfccb812fe.txt	c2cfccb812fe482101a8f04597dfc5a9991a6b2748266c47ac91b6a5aae15383		windows-x64	TARGET_LINKED_RUNTIME	Target compilation-unit owner: mcraw4vulkan -normal:mcraw4vulkan_display-> mcraw4vulkan-display@0.1.0 -normal:wgpu-> wgpu@24.0.5 -normal:hal-> wgpu-hal@24.0.4 -normal:windows-> windows@0.58.0 -normal:windows_core-> windows-core@0.58.0. Observed unit contexts: TARGET_LINKED_RUNTIME.		PASS
windows-core	0.61.2	rust-package	https://crates.io/crates/windows-core/0.61.2	MIT OR Apache-2.0	MIT	licenses/windows-core-0.61.2-license-mit-MIT-a77624793c-c2cfccb812fe.txt	licenses/windows-0.58.0-license-mit-MIT-b579a88e48-c2cfccb812fe.txt	c2cfccb812fe482101a8f04597dfc5a9991a6b2748266c47ac91b6a5aae15383		windows-x64	TARGET_LINKED_RUNTIME	Target compilation-unit owner: mcraw4vulkan -normal:mcraw4vulkan_preflight-> mcraw4vulkan-preflight@0.1.0 -normal:notify_rust-> notify-rust@4.17.0 -normal:winrt_notification-> tauri-winrt-notification@0.7.3 -normal:windows-> windows@0.61.3 -normal:windows_collections-> windows-collections@0.2.0 -normal:windows_core-> windows-core@0.61.2. Observed unit contexts: TARGET_LINKED_RUNTIME.		PASS
windows-future	0.2.1	rust-package	https://crates.io/crates/windows-future/0.2.1	MIT OR Apache-2.0	MIT	licenses/windows-future-0.2.1-license-mit-MIT-3f127ddb26-c2cfccb812fe.txt	licenses/windows-0.58.0-license-mit-MIT-b579a88e48-c2cfccb812fe.txt	c2cfccb812fe482101a8f04597dfc5a9991a6b2748266c47ac91b6a5aae15383		windows-x64	TARGET_LINKED_RUNTIME	Target compilation-unit owner: mcraw4vulkan -normal:mcraw4vulkan_preflight-> mcraw4vulkan-preflight@0.1.0 -normal:notify_rust-> notify-rust@4.17.0 -normal:winrt_notification-> tauri-winrt-notification@0.7.3 -normal:windows-> windows@0.61.3 -normal:windows_future-> windows-future@0.2.1. Observed unit contexts: TARGET_LINKED_RUNTIME.		PASS
windows-implement	0.58.0	rust-package	https://crates.io/crates/windows-implement/0.58.0	MIT OR Apache-2.0	NOT_SELECTED						HOST_PROC_MACRO		Host-only compilation-unit proof: mcraw4vulkan -normal:mcraw4vulkan_display-> mcraw4vulkan-display@0.1.0 -normal:wgpu-> wgpu@24.0.5 -normal:hal-> wgpu-hal@24.0.4 -normal:windows-> windows@0.58.0 -normal:windows_core-> windows-core@0.58.0 -normal:windows_implement-> windows-implement@0.58.0. No independent target unit or generated-material proof.	PASS
windows-implement	0.60.2	rust-package	https://crates.io/crates/windows-implement/0.60.2	MIT OR Apache-2.0	NOT_SELECTED						HOST_PROC_MACRO		Host-only compilation-unit proof: mcraw4vulkan -normal:mcraw4vulkan_preflight-> mcraw4vulkan-preflight@0.1.0 -normal:notify_rust-> notify-rust@4.17.0 -normal:winrt_notification-> tauri-winrt-notification@0.7.3 -normal:windows-> windows@0.61.3 -normal:windows_collections-> windows-collections@0.2.0 -normal:windows_core-> windows-core@0.61.2 -normal:windows_implement-> windows-implement@0.60.2. No independent target unit or generated-material proof.	PASS
windows-interface	0.58.0	rust-package	https://crates.io/crates/windows-interface/0.58.0	MIT OR Apache-2.0	NOT_SELECTED						HOST_PROC_MACRO		Host-only compilation-unit proof: mcraw4vulkan -normal:mcraw4vulkan_display-> mcraw4vulkan-display@0.1.0 -normal:wgpu-> wgpu@24.0.5 -normal:hal-> wgpu-hal@24.0.4 -normal:windows-> windows@0.58.0 -normal:windows_core-> windows-core@0.58.0 -normal:windows_interface-> windows-interface@0.58.0. No independent target unit or generated-material proof.	PASS
windows-interface	0.59.3	rust-package	https://crates.io/crates/windows-interface/0.59.3	MIT OR Apache-2.0	NOT_SELECTED						HOST_PROC_MACRO		Host-only compilation-unit proof: mcraw4vulkan -normal:mcraw4vulkan_preflight-> mcraw4vulkan-preflight@0.1.0 -normal:notify_rust-> notify-rust@4.17.0 -normal:winrt_notification-> tauri-winrt-notification@0.7.3 -normal:windows-> windows@0.61.3 -normal:windows_collections-> windows-collections@0.2.0 -normal:windows_core-> windows-core@0.61.2 -normal:windows_interface-> windows-interface@0.59.3. No independent target unit or generated-material proof.	PASS
windows-link	0.1.3	rust-package	https://crates.io/crates/windows-link/0.1.3	MIT OR Apache-2.0	MIT	licenses/windows-link-0.1.3-license-mit-MIT-7d7d8973f0-c2cfccb812fe.txt	licenses/windows-0.58.0-license-mit-MIT-b579a88e48-c2cfccb812fe.txt	c2cfccb812fe482101a8f04597dfc5a9991a6b2748266c47ac91b6a5aae15383		windows-x64	TARGET_LINKED_RUNTIME	Target compilation-unit owner: mcraw4vulkan -normal:mcraw4vulkan_preflight-> mcraw4vulkan-preflight@0.1.0 -normal:notify_rust-> notify-rust@4.17.0 -normal:winrt_notification-> tauri-winrt-notification@0.7.3 -normal:windows-> windows@0.61.3 -normal:windows_collections-> windows-collections@0.2.0 -normal:windows_core-> windows-core@0.61.2 -normal:windows_link-> windows-link@0.1.3. Observed unit contexts: TARGET_LINKED_RUNTIME.		PASS
windows-link	0.2.1	rust-package	https://crates.io/crates/windows-link/0.2.1	MIT OR Apache-2.0	MIT	licenses/windows-link-0.2.1-license-mit-MIT-e7b118976c-c2cfccb812fe.txt	licenses/windows-0.58.0-license-mit-MIT-b579a88e48-c2cfccb812fe.txt	c2cfccb812fe482101a8f04597dfc5a9991a6b2748266c47ac91b6a5aae15383		windows-x64	TARGET_LINKED_RUNTIME	Target compilation-unit owner: mcraw4vulkan -normal:mcraw4vulkan_display-> mcraw4vulkan-display@0.1.0 -normal:wgpu-> wgpu@24.0.5 -normal:hal-> wgpu-hal@24.0.4 -normal:ash-> ash@0.38.0+1.3.281 -normal:libloading-> libloading@0.8.9 -normal:windows_link-> windows-link@0.2.1. Observed unit contexts: TARGET_LINKED_RUNTIME.		PASS
windows-numerics	0.2.0	rust-package	https://crates.io/crates/windows-numerics/0.2.0	MIT OR Apache-2.0	MIT	licenses/windows-numerics-0.2.0-license-mit-MIT-5f68d3c326-c2cfccb812fe.txt	licenses/windows-0.58.0-license-mit-MIT-b579a88e48-c2cfccb812fe.txt	c2cfccb812fe482101a8f04597dfc5a9991a6b2748266c47ac91b6a5aae15383		windows-x64	TARGET_LINKED_RUNTIME	Target compilation-unit owner: mcraw4vulkan -normal:mcraw4vulkan_preflight-> mcraw4vulkan-preflight@0.1.0 -normal:notify_rust-> notify-rust@4.17.0 -normal:winrt_notification-> tauri-winrt-notification@0.7.3 -normal:windows-> windows@0.61.3 -normal:windows_numerics-> windows-numerics@0.2.0. Observed unit contexts: TARGET_LINKED_RUNTIME.		PASS
windows-result	0.2.0	rust-package	https://crates.io/crates/windows-result/0.2.0	MIT OR Apache-2.0	MIT	licenses/windows-result-0.2.0-license-mit-MIT-8cc89dab7f-c2cfccb812fe.txt	licenses/windows-0.58.0-license-mit-MIT-b579a88e48-c2cfccb812fe.txt	c2cfccb812fe482101a8f04597dfc5a9991a6b2748266c47ac91b6a5aae15383		windows-x64	TARGET_LINKED_RUNTIME	Target compilation-unit owner: mcraw4vulkan -normal:mcraw4vulkan_display-> mcraw4vulkan-display@0.1.0 -normal:wgpu-> wgpu@24.0.5 -normal:hal-> wgpu-hal@24.0.4 -normal:windows-> windows@0.58.0 -normal:windows_core-> windows-core@0.58.0 -normal:windows_result-> windows-result@0.2.0. Observed unit contexts: TARGET_LINKED_RUNTIME.		PASS
windows-result	0.3.4	rust-package	https://crates.io/crates/windows-result/0.3.4	MIT OR Apache-2.0	MIT	licenses/windows-result-0.3.4-license-mit-MIT-452536cc74-c2cfccb812fe.txt	licenses/windows-0.58.0-license-mit-MIT-b579a88e48-c2cfccb812fe.txt	c2cfccb812fe482101a8f04597dfc5a9991a6b2748266c47ac91b6a5aae15383		windows-x64	TARGET_LINKED_RUNTIME	Target compilation-unit owner: mcraw4vulkan -normal:mcraw4vulkan_preflight-> mcraw4vulkan-preflight@0.1.0 -normal:notify_rust-> notify-rust@4.17.0 -normal:winrt_notification-> tauri-winrt-notification@0.7.3 -normal:windows-> windows@0.61.3 -normal:windows_collections-> windows-collections@0.2.0 -normal:windows_core-> windows-core@0.61.2 -normal:windows_result-> windows-result@0.3.4. Observed unit contexts: TARGET_LINKED_RUNTIME.		PASS
Windows-runtime	SYSTEM	native-component	https://learn.microsoft.com/windows/	NOT_DISTRIBUTED	NOT_APPLICABLE					windows-x64	SYSTEM_DEPENDENCY_NOT_BUNDLED	No vcruntime, msvcp, concrt, ucrtbase, API-set DLL payload, merge module, or bootstrapper redistributable is bundled; imported CRT and UCRT APIs are system-provided		PASS
windows-strings	0.1.0	rust-package	https://crates.io/crates/windows-strings/0.1.0	MIT OR Apache-2.0	MIT	licenses/windows-strings-0.1.0-license-mit-MIT-d7c2d23b47-c2cfccb812fe.txt	licenses/windows-0.58.0-license-mit-MIT-b579a88e48-c2cfccb812fe.txt	c2cfccb812fe482101a8f04597dfc5a9991a6b2748266c47ac91b6a5aae15383		windows-x64	TARGET_LINKED_RUNTIME	Target compilation-unit owner: mcraw4vulkan -normal:mcraw4vulkan_display-> mcraw4vulkan-display@0.1.0 -normal:wgpu-> wgpu@24.0.5 -normal:hal-> wgpu-hal@24.0.4 -normal:windows-> windows@0.58.0 -normal:windows_core-> windows-core@0.58.0 -normal:windows_strings-> windows-strings@0.1.0. Observed unit contexts: TARGET_LINKED_RUNTIME.		PASS
windows-strings	0.4.2	rust-package	https://crates.io/crates/windows-strings/0.4.2	MIT OR Apache-2.0	MIT	licenses/windows-strings-0.4.2-license-mit-MIT-754aa3a4e1-c2cfccb812fe.txt	licenses/windows-0.58.0-license-mit-MIT-b579a88e48-c2cfccb812fe.txt	c2cfccb812fe482101a8f04597dfc5a9991a6b2748266c47ac91b6a5aae15383		windows-x64	TARGET_LINKED_RUNTIME	Target compilation-unit owner: mcraw4vulkan -normal:mcraw4vulkan_preflight-> mcraw4vulkan-preflight@0.1.0 -normal:notify_rust-> notify-rust@4.17.0 -normal:winrt_notification-> tauri-winrt-notification@0.7.3 -normal:windows-> windows@0.61.3 -normal:windows_collections-> windows-collections@0.2.0 -normal:windows_core-> windows-core@0.61.2 -normal:windows_strings-> windows-strings@0.4.2. Observed unit contexts: TARGET_LINKED_RUNTIME.		PASS
windows-sys	0.61.2	rust-package	https://crates.io/crates/windows-sys/0.61.2	MIT OR Apache-2.0	MIT	licenses/windows-sys-0.61.2-license-mit-MIT-36170235ba-c2cfccb812fe.txt	licenses/windows-0.58.0-license-mit-MIT-b579a88e48-c2cfccb812fe.txt	c2cfccb812fe482101a8f04597dfc5a9991a6b2748266c47ac91b6a5aae15383		windows-x64	TARGET_LINKED_RUNTIME	Target compilation-unit owner: mcraw4vulkan -normal:mcraw4vulkan_display-> mcraw4vulkan-display@0.1.0 -normal:wgpu-> wgpu@24.0.5 -normal:hal-> wgpu-hal@24.0.4 -normal:naga-> naga@24.0.0 -normal:codespan_reporting-> codespan-reporting@0.11.1 -normal:termcolor-> termcolor@1.4.1 -normal:winapi_util-> winapi-util@0.1.11 -normal:windows_sys-> windows-sys@0.61.2. Observed unit contexts: TARGET_LINKED_RUNTIME.		PASS
windows-targets	0.52.6	rust-package	https://crates.io/crates/windows-targets/0.52.6	MIT OR Apache-2.0	MIT	licenses/windows-targets-0.52.6-license-mit-MIT-8bd1e9e811-c2cfccb812fe.txt	licenses/windows-0.58.0-license-mit-MIT-b579a88e48-c2cfccb812fe.txt	c2cfccb812fe482101a8f04597dfc5a9991a6b2748266c47ac91b6a5aae15383		windows-x64	TARGET_LINKED_RUNTIME	Target compilation-unit owner: mcraw4vulkan -normal:mcraw4vulkan_display-> mcraw4vulkan-display@0.1.0 -normal:wgpu-> wgpu@24.0.5 -normal:hal-> wgpu-hal@24.0.4 -normal:windows-> windows@0.58.0 -normal:windows_core-> windows-core@0.58.0 -normal:windows_result-> windows-result@0.2.0 -normal:windows_targets-> windows-targets@0.52.6. Observed unit contexts: TARGET_LINKED_RUNTIME.		PASS
windows-threading	0.1.0	rust-package	https://crates.io/crates/windows-threading/0.1.0	MIT OR Apache-2.0	MIT	licenses/windows-threading-0.1.0-license-mit-MIT-48d16ed256-c2cfccb812fe.txt	licenses/windows-0.58.0-license-mit-MIT-b579a88e48-c2cfccb812fe.txt	c2cfccb812fe482101a8f04597dfc5a9991a6b2748266c47ac91b6a5aae15383		windows-x64	TARGET_LINKED_RUNTIME	Target compilation-unit owner: mcraw4vulkan -normal:mcraw4vulkan_preflight-> mcraw4vulkan-preflight@0.1.0 -normal:notify_rust-> notify-rust@4.17.0 -normal:winrt_notification-> tauri-winrt-notification@0.7.3 -normal:windows-> windows@0.61.3 -normal:windows_future-> windows-future@0.2.1 -normal:windows_threading-> windows-threading@0.1.0. Observed unit contexts: TARGET_LINKED_RUNTIME.		PASS
windows-version	0.1.7	rust-package	https://crates.io/crates/windows-version/0.1.7	MIT OR Apache-2.0	MIT	licenses/windows-version-0.1.7-license-mit-MIT-bad3ea2aca-c2cfccb812fe.txt	licenses/windows-0.58.0-license-mit-MIT-b579a88e48-c2cfccb812fe.txt	c2cfccb812fe482101a8f04597dfc5a9991a6b2748266c47ac91b6a5aae15383		windows-x64	TARGET_LINKED_RUNTIME	Target compilation-unit owner: mcraw4vulkan -normal:mcraw4vulkan_preflight-> mcraw4vulkan-preflight@0.1.0 -normal:notify_rust-> notify-rust@4.17.0 -normal:winrt_notification-> tauri-winrt-notification@0.7.3 -normal:windows_version-> windows-version@0.1.7. Observed unit contexts: TARGET_LINKED_RUNTIME.		PASS
windows_aarch64_gnullvm	0.52.6	rust-package	https://crates.io/crates/windows_aarch64_gnullvm/0.52.6	MIT OR Apache-2.0	NOT_SELECTED						TARGET_NOT_APPLICABLE		Locked for another target/optional graph but unreachable from production or dev roots on the four audited release targets. License expression verified from locally cached exact crate source windows_aarch64_gnullvm-0.52.6.	PASS
windows_aarch64_msvc	0.52.6	rust-package	https://crates.io/crates/windows_aarch64_msvc/0.52.6	MIT OR Apache-2.0	NOT_SELECTED						TARGET_NOT_APPLICABLE		Locked for another target/optional graph but unreachable from production or dev roots on the four audited release targets. License expression verified from locally cached exact crate source windows_aarch64_msvc-0.52.6.	PASS
windows_i686_gnu	0.52.6	rust-package	https://crates.io/crates/windows_i686_gnu/0.52.6	MIT OR Apache-2.0	NOT_SELECTED						TARGET_NOT_APPLICABLE		Locked for another target/optional graph but unreachable from production or dev roots on the four audited release targets. License expression verified from locally cached exact crate source windows_i686_gnu-0.52.6.	PASS
windows_i686_gnullvm	0.52.6	rust-package	https://crates.io/crates/windows_i686_gnullvm/0.52.6	MIT OR Apache-2.0	NOT_SELECTED						TARGET_NOT_APPLICABLE		Locked for another target/optional graph but unreachable from production or dev roots on the four audited release targets. License expression verified from locally cached exact crate source windows_i686_gnullvm-0.52.6.	PASS
windows_i686_msvc	0.52.6	rust-package	https://crates.io/crates/windows_i686_msvc/0.52.6	MIT OR Apache-2.0	NOT_SELECTED						TARGET_NOT_APPLICABLE		Locked for another target/optional graph but unreachable from production or dev roots on the four audited release targets. License expression verified from locally cached exact crate source windows_i686_msvc-0.52.6.	PASS
windows_x86_64_gnu	0.52.6	rust-package	https://crates.io/crates/windows_x86_64_gnu/0.52.6	MIT OR Apache-2.0	NOT_SELECTED						TARGET_NOT_APPLICABLE		Locked for another target/optional graph but unreachable from production or dev roots on the four audited release targets. License expression verified from locally cached exact crate source windows_x86_64_gnu-0.52.6.	PASS
windows_x86_64_gnullvm	0.52.6	rust-package	https://crates.io/crates/windows_x86_64_gnullvm/0.52.6	MIT OR Apache-2.0	NOT_SELECTED						TARGET_NOT_APPLICABLE		Locked for another target/optional graph but unreachable from production or dev roots on the four audited release targets. License expression verified from locally cached exact crate source windows_x86_64_gnullvm-0.52.6.	PASS
windows_x86_64_msvc	0.52.6	rust-package	https://crates.io/crates/windows_x86_64_msvc/0.52.6	MIT OR Apache-2.0	MIT	licenses/windows_x86_64_msvc-0.52.6-license-mit-MIT-8be7b946a2-c2cfccb812fe.txt	licenses/windows-0.58.0-license-mit-MIT-b579a88e48-c2cfccb812fe.txt	c2cfccb812fe482101a8f04597dfc5a9991a6b2748266c47ac91b6a5aae15383		windows-x64	TARGET_LINKED_RUNTIME	Target compilation-unit owner: mcraw4vulkan -normal:mcraw4vulkan_display-> mcraw4vulkan-display@0.1.0 -normal:wgpu-> wgpu@24.0.5 -normal:hal-> wgpu-hal@24.0.4 -normal:windows-> windows@0.58.0 -normal:windows_core-> windows-core@0.58.0 -normal:windows_result-> windows-result@0.2.0 -normal:windows_targets-> windows-targets@0.52.6 -normal:windows_x86_64_msvc-> windows_x86_64_msvc@0.52.6. Observed unit contexts: HOST_BUILD_SCRIPT,TARGET_LINKED_RUNTIME.		PASS
winnow	1.0.4	rust-package	https://crates.io/crates/winnow/1.0.4	MIT	MIT	licenses/winnow-1.0.4-LICENSE-MIT-MIT-889e53dad2-cb5aedb296c5.txt	licenses/winnow-1.0.4-LICENSE-MIT-MIT-889e53dad2-cb5aedb296c5.txt	cb5aedb296c5246d1f22e9099f925a65146f9f0d6b4eebba97fd27a6cdbbab2d		arch-x86_64,el10-x86_64,fedora44-x86_64,ubuntu-amd64	TARGET_LINKED_RUNTIME	Target compilation-unit owner: mcraw4vulkan -normal:mcraw4vulkan_preflight-> mcraw4vulkan-preflight@0.1.0 -normal:notify_rust-> notify-rust@4.17.0 -normal:zbus-> zbus@5.19.0 -normal:winnow-> winnow@1.0.4. Observed unit contexts: HOST_BUILD_DEPENDENCY,HOST_PROC_MACRO_SUPPORT,TARGET_LINKED_RUNTIME.		PASS
winresource	0.1.31	rust-package	https://crates.io/crates/winresource/0.1.31	MIT	NOT_SELECTED						HOST_BUILD_DEPENDENCY		Host-only compilation-unit proof: mcraw4vulkan -normal:mcraw4vulkan_preflight-> mcraw4vulkan-preflight@0.1.0 -build:winresource-> winresource@0.1.31. No independent target unit or generated-material proof.	PASS
xml-rs	0.8.29	rust-package	https://crates.io/crates/xml-rs/0.8.29	MIT	NOT_SELECTED						HOST_BUILD_DEPENDENCY		Host-only compilation-unit proof: mcraw4vulkan -normal:mcraw4vulkan_display-> mcraw4vulkan-display@0.1.0 -normal:wgpu-> wgpu@24.0.5 -normal:hal-> wgpu-hal@24.0.4 -normal:glutin_wgl_sys-> glutin_wgl_sys@0.6.1 -build:gl_generator-> gl_generator@0.14.0 -normal:xml-> xml-rs@0.8.29. No independent target unit or generated-material proof.	PASS
xxhash-rust	0.8.18	rust-package	https://crates.io/crates/xxhash-rust/0.8.18	BSL-1.0	BSL-1.0	licenses/xxhash-rust-0.8.18-LICENSE-BSL-1_0-db2060cc33-c9bff7573892.txt	licenses/xxhash-rust-0.8.18-LICENSE-BSL-1_0-db2060cc33-c9bff7573892.txt	c9bff75738922193e67fa726fa225535870d2aa1059f91452c411736284ad566		arch-x86_64,el10-x86_64,fedora44-x86_64,macos-universal,ubuntu-amd64,windows-x64	TARGET_LINKED_RUNTIME	Target compilation-unit owner: mcraw4vulkan -normal:mcraw4vulkan_audio-> mcraw4vulkan-audio@0.1.0 -normal:mcraw4vulkan_core-> mcraw4vulkan-core@0.1.0 -normal:xxhash_rust-> xxhash-rust@0.8.18. Observed unit contexts: TARGET_LINKED_RUNTIME.		PASS
zbus	5.19.0	rust-package	https://crates.io/crates/zbus/5.19.0	MIT	MIT	licenses/zbus-5.19.0-LICENSE-MIT-3b190cf14f-260e4ff3fc49.txt	licenses/zbus-5.19.0-LICENSE-MIT-3b190cf14f-260e4ff3fc49.txt	260e4ff3fc493695880c90774283eb1e3d018f898fabe655bbd52dd2cbd2fcad		arch-x86_64,el10-x86_64,fedora44-x86_64,ubuntu-amd64	TARGET_LINKED_RUNTIME	Target compilation-unit owner: mcraw4vulkan -normal:mcraw4vulkan_preflight-> mcraw4vulkan-preflight@0.1.0 -normal:notify_rust-> notify-rust@4.17.0 -normal:zbus-> zbus@5.19.0. Observed unit contexts: TARGET_LINKED_RUNTIME.		PASS
zbus_macros	5.19.0	rust-package	https://crates.io/crates/zbus_macros/5.19.0	MIT	NOT_SELECTED						HOST_PROC_MACRO		Host-only compilation-unit proof: mcraw4vulkan -normal:mcraw4vulkan_preflight-> mcraw4vulkan-preflight@0.1.0 -normal:notify_rust-> notify-rust@4.17.0 -normal:zbus-> zbus@5.19.0 -normal:zbus_macros-> zbus_macros@5.19.0. No independent target unit or generated-material proof.	PASS
zbus_names	4.3.4	rust-package	https://crates.io/crates/zbus_names/4.3.4	MIT	MIT	licenses/zbus_names-4.3.4-LICENSE-MIT-46251fbca9-260e4ff3fc49.txt	licenses/zbus-5.19.0-LICENSE-MIT-3b190cf14f-260e4ff3fc49.txt	260e4ff3fc493695880c90774283eb1e3d018f898fabe655bbd52dd2cbd2fcad		arch-x86_64,el10-x86_64,fedora44-x86_64,ubuntu-amd64	TARGET_LINKED_RUNTIME	Target compilation-unit owner: mcraw4vulkan -normal:mcraw4vulkan_preflight-> mcraw4vulkan-preflight@0.1.0 -normal:notify_rust-> notify-rust@4.17.0 -normal:zbus-> zbus@5.19.0 -normal:zbus_names-> zbus_names@4.3.4. Observed unit contexts: HOST_PROC_MACRO_SUPPORT,TARGET_LINKED_RUNTIME.		PASS
zcheapstr	1.1.0	rust-package	https://crates.io/crates/zcheapstr/1.1.0	MIT	MIT	licenses/zcheapstr-1.1.0-LICENSE-MIT-87ca2f4ebe-59871bb1612f.txt	licenses/zcheapstr-1.1.0-LICENSE-MIT-87ca2f4ebe-59871bb1612f.txt	59871bb1612f8a0569655c10b995636827eceab42c6578cebdc45ad2922e0142		arch-x86_64,el10-x86_64,fedora44-x86_64,ubuntu-amd64	TARGET_LINKED_RUNTIME	Target compilation-unit owner: mcraw4vulkan -normal:mcraw4vulkan_preflight-> mcraw4vulkan-preflight@0.1.0 -normal:notify_rust-> notify-rust@4.17.0 -normal:zbus-> zbus@5.19.0 -normal:zbus_names-> zbus_names@4.3.4 -normal:zvariant-> zvariant@5.14.0 -normal:zcheapstr-> zcheapstr@1.1.0. Observed unit contexts: HOST_PROC_MACRO_SUPPORT,TARGET_LINKED_RUNTIME.		PASS
zerocopy	0.8.56	rust-package	https://crates.io/crates/zerocopy/0.8.56	BSD-2-Clause OR Apache-2.0 OR MIT	MIT	licenses/zerocopy-0.8.56-LICENSE-MIT-MIT-fb76a53a36-1a2f5c12ddc9.txt	licenses/zerocopy-0.8.56-LICENSE-MIT-MIT-fb76a53a36-1a2f5c12ddc9.txt	1a2f5c12ddc934d58956aa5dbdd3255fe55fd957633ab7d0d39e4f0daa73f7df		arch-x86_64,el10-x86_64,fedora44-x86_64,macos-universal,ubuntu-amd64,windows-x64	TARGET_LINKED_RUNTIME	Target compilation-unit owner: mcraw4vulkan -normal:mcraw4vulkan_fuse-> mcraw4vulkan-fuse@0.1.0 -normal:fuser-> fuser@0.17.0 -normal:zerocopy-> zerocopy@0.8.56. Observed unit contexts: HOST_BUILD_SCRIPT,TARGET_LINKED_RUNTIME.		PASS
zerocopy-derive	0.8.56	rust-package	https://crates.io/crates/zerocopy-derive/0.8.56	BSD-2-Clause OR Apache-2.0 OR MIT	NOT_SELECTED						HOST_PROC_MACRO		Host-only compilation-unit proof: mcraw4vulkan -normal:mcraw4vulkan_fuse-> mcraw4vulkan-fuse@0.1.0 -normal:fuser-> fuser@0.17.0 -normal:zerocopy-> zerocopy@0.8.56 -normal:zerocopy_derive-> zerocopy-derive@0.8.56. No independent target unit or generated-material proof.	PASS
zmij	1.0.23	rust-package	https://crates.io/crates/zmij/1.0.23	MIT	MIT	licenses/zmij-1.0.23-LICENSE-MIT-MIT-924e3b3672-23f18e03dc49.txt	licenses/adler2-2.0.1-LICENSE-MIT-MIT-ceec63d9fa-23f18e03dc49.txt	23f18e03dc49df91622fe2a76176497404e46ced8a715d9d2b67a7446571cca3		arch-x86_64,el10-x86_64,fedora44-x86_64,macos-universal,ubuntu-amd64,windows-x64	TARGET_LINKED_RUNTIME	Target compilation-unit owner: mcraw4vulkan -normal:mcraw4vulkan_audio-> mcraw4vulkan-audio@0.1.0 -normal:mcraw4vulkan_mcrawcontainer-> mcraw4vulkan-mcrawcontainer@0.1.0 -normal:serde_json-> serde_json@1.0.151 -normal:zmij-> zmij@1.0.23. Observed unit contexts: HOST_BUILD_SCRIPT,TARGET_LINKED_RUNTIME.		PASS
zvariant	5.14.0	rust-package	https://crates.io/crates/zvariant/5.14.0	MIT	MIT	licenses/zvariant-5.14.0-LICENSE-MIT-b54576a164-260e4ff3fc49.txt	licenses/zbus-5.19.0-LICENSE-MIT-3b190cf14f-260e4ff3fc49.txt	260e4ff3fc493695880c90774283eb1e3d018f898fabe655bbd52dd2cbd2fcad		arch-x86_64,el10-x86_64,fedora44-x86_64,ubuntu-amd64	TARGET_LINKED_RUNTIME	Target compilation-unit owner: mcraw4vulkan -normal:mcraw4vulkan_preflight-> mcraw4vulkan-preflight@0.1.0 -normal:notify_rust-> notify-rust@4.17.0 -normal:zbus-> zbus@5.19.0 -normal:zbus_names-> zbus_names@4.3.4 -normal:zvariant-> zvariant@5.14.0. Observed unit contexts: HOST_PROC_MACRO_SUPPORT,TARGET_LINKED_RUNTIME.		PASS
zvariant_derive	5.14.0	rust-package	https://crates.io/crates/zvariant_derive/5.14.0	MIT	NOT_SELECTED						HOST_PROC_MACRO		Host-only compilation-unit proof: mcraw4vulkan -normal:mcraw4vulkan_preflight-> mcraw4vulkan-preflight@0.1.0 -normal:notify_rust-> notify-rust@4.17.0 -normal:zbus-> zbus@5.19.0 -normal:zbus_macros-> zbus_macros@5.19.0 -normal:zbus_names-> zbus_names@4.3.4 -normal:zvariant-> zvariant@5.14.0 -normal:zvariant_derive-> zvariant_derive@5.14.0. No independent target unit or generated-material proof.	PASS
zvariant_utils	4.0.0	rust-package	https://crates.io/crates/zvariant_utils/4.0.0	MIT	MIT	licenses/zvariant_utils-4.0.0-LICENSE-MIT-f749330e69-23f18e03dc49.txt	licenses/adler2-2.0.1-LICENSE-MIT-MIT-ceec63d9fa-23f18e03dc49.txt	23f18e03dc49df91622fe2a76176497404e46ced8a715d9d2b67a7446571cca3		arch-x86_64,el10-x86_64,fedora44-x86_64,ubuntu-amd64	TARGET_LINKED_RUNTIME	Target compilation-unit owner: mcraw4vulkan -normal:mcraw4vulkan_preflight-> mcraw4vulkan-preflight@0.1.0 -normal:notify_rust-> notify-rust@4.17.0 -normal:zbus-> zbus@5.19.0 -normal:zbus_names-> zbus_names@4.3.4 -normal:zvariant-> zvariant@5.14.0 -normal:zvariant_utils-> zvariant_utils@4.0.0. Observed unit contexts: HOST_PROC_MACRO_SUPPORT,TARGET_LINKED_RUNTIME.		PASS
